gene,log2FC,meanA,meanB,pval,-log10p,qval,sig_type,score
CD28,3.2086213,1.3440096,0.14538127,2.1953646285149242e-57,56.658493337380605,7.526964440622597e-56,up,181.79564648042071
IL7R,2.6474283,2.1462939,0.34255695,2.1898566481240807e-69,68.65958431391165,7.72890581690852e-68,up,181.7713248043557
SELL,2.3639674,2.596132,0.5043139,3.5625731879285953e-76,75.44823620493794,1.5268170805408264e-74,up,178.35717218464094
FCRLA,-2.2131271,0.5747374,2.6649418,3.2536234105695324e-75,74.48763271574344,1.301449364227813e-73,down,164.85060127678025
CD6,2.1560345,2.690016,0.6035639,1.4706443107273226e-75,74.83249235281113,6.085424734044094e-74,up,161.34143295907535
CD3E,2.1643977,2.3813086,0.5312102,2.444744075233143e-72,71.61176659769842,9.167790282124286e-71,up,154.9963441001804
CD4,2.2211528,2.6132739,0.56046784,2.981235750228028e-70,69.52560367946054,1.0840857273556465e-68,up,154.4269880634674
BANK1,-1.9231701,0.8233246,3.1225066,1.2653411507789456e-79,78.89779236782715,1.5184093809347347e-76,down,151.7338744268766
CD37,-1.9620773,0.7525666,2.932172,2.655577894185712e-77,76.57584095520554,1.2746773892091416e-75,down,150.2477162049175
MZB1,-1.9027065,0.84706384,3.167293,3.730946633529281e-77,76.42818096294778,1.7219753693212064e-75,down,145.42039699700908
MS4A1,-1.9961376,0.6890942,2.7490103,5.217963664993374e-73,72.2824989494113,2.0198569025780803e-71,down,144.28581534958906
TRBC1,1.8357162,3.2835095,0.9198823,2.0510292240945175e-78,77.68802815154164,1.0255146120472589e-76,up,142.61317551857442
PAX5,-1.793599,0.9313014,3.2286258,1.7777207946620932e-79,78.75013644744865,7.110883178648373e-77,down,141.24616673122483
CD79B,-1.6395912,1.0914468,3.4007049,1.680876437165744e-79,78.77446421078982,1.0085258622994464e-76,down,129.1579196471228
TRBC2,1.5709457,3.6443663,1.2266482,2.618245785067248e-79,78.5819895869342,1.3660412791655208e-77,up,123.44804176236619
CD79A,-1.5578964,1.220688,3.5940032,1.9263845265164923e-79,78.71525701883355,5.779153579549477e-77,down,122.63021361848138
BLK,-1.580013,1.1286495,3.3743541,4.923586413999581e-77,76.30771843536331,2.1882606284442584e-75,down,120.56718993083635
ZAP70,1.5202175,3.765805,1.3128846,1.971716471301428e-79,78.70515553554192,4.732119531123427e-77,up,119.64895776669957
TRAC,1.4316195,3.808719,1.4119468,2.1624756471819834e-79,78.66504877466271,1.6218567353864875e-77,up,112.61841975740349
CCR7,1.3833247,4.130841,1.5834926,2.077729006689004e-79,78.68241109709373,2.26661346184255e-77,up,108.84332605578317
CD3D,1.3236021,4.009163,1.6018049,2.1308091046303886e-79,78.67145545620751,1.7046472837043107e-77,up,104.12970210561737
IGHD,-1.2641124,1.6871485,4.052184,2.0427157987614608e-79,78.68979205217097,4.085431597522922e-77,down,99.47273821371608
CD74,-1.26459,1.6989564,4.081896,2.3026221584928436e-79,78.63777732037018,1.3815732950957061e-77,down,99.44454878343164
HLA-DRA,-1.246617,1.7514414,4.1558976,2.1893694236238496e-79,78.65968095149523,1.5454372402050704e-77,down,98.05849230864384
CD8B,1.233046,4.215906,1.7935231,2.3453037916729927e-79,78.62980089431267,1.3401735952417101e-77,up,96.95416578559384
IGHM,-1.2126929,1.8231927,4.225612,2.0621834759872905e-79,78.68567269741138,3.0932752139809358e-77,down,95.42155321175932
TCL1A,-1.1959699,1.9228673,4.4052672,2.0474080064786798e-79,78.68879560271833,3.509842296820594e-77,down,94.10943409521228
CD3G,1.1271424,4.556404,2.0860198,2.0755591512024006e-79,78.68286488518368,2.767412201603201e-77,up,88.68679547504588
FYN,1.1215388,4.6068335,2.1173155,2.2342802183961548e-79,78.65086235956805,1.4111243484607295e-77,up,88.20999050823544
CD2,1.0778546,4.816501,2.281734,2.0755591512024006e-79,78.68286488518368,2.4906709814428807e-77,up,84.80869048027579
LCK,1.0579861,4.686836,2.2510965,2.2124431151473506e-79,78.65512788677486,1.4749620767649004e-77,up,83.2160351638903
CD19,-1.0149355,2.2773557,4.60211,2.5717806408311848e-79,78.58976607717057,1.4027894404533736e-77,down,79.76354301516511
CD8A,0.9682568,5.063052,2.5878434,2.078735815396644e-79,78.68220070124373,2.078735815396644e-77,up,76.184573630575
CD22,-0.88824266,2.747707,5.085787,2.0789629038549205e-79,78.6821532599686,1.9190426804814653e-77,down,69.88884525982625
HLA-DPB1,-0.70483196,3.815053,6.2183647,2.0789629038549205e-79,78.6821532599686,1.7819682033042177e-77,down,55.457696127487026
BGENE_315,-0.52333045,0.26398215,0.37941387,0.0015467361817942534,2.8105837551833854,0.05016441670684065,ns,1.4708640615257782
BGENE_520,-0.48763904,0.31733295,0.4449483,0.0010554090958045138,2.9765791672740303,0.035180303193483795,ns,1.4514962068838515
BGENE_206,-0.50605613,0.23878455,0.3391133,0.003491468898846528,2.456991822195066,0.09743634136315893,ns,1.2433757728155994
BGENE_538,0.6006297,0.2105326,0.13883877,0.01431848368641678,1.8441029709589918,0.24200254117887515,ns,1.107622990813186
BGENE_1063,-0.6050435,0.08649857,0.13156697,0.021444584346808414,1.6686823671277253,0.31004218332735056,ns,1.0096253711690515
BGENE_891,0.45623007,0.36936143,0.269223,0.008229172815973495,2.0846438172194226,0.17954558871214898,ns,0.9510772033423196
BGENE_426,-0.34075108,0.50773317,0.64300156,0.005175961532388673,2.2860089599926425,0.12939903830971683,ns,0.7789600259050284
BGENE_1191,0.38343865,0.40824747,0.31296563,0.018841807573129008,1.7248774358648353,0.2862046719968963,ns,0.6613846698924225
BGENE_1012,0.3124609,0.7214138,0.58093053,0.007691124737306414,2.1140101450506226,0.17748749393784033,ns,0.6605455111639413
BGENE_50,0.26233676,0.9672262,0.8064115,0.0034061016604238032,2.4677423939828693,0.09731719029782294,ns,0.6473795460259986
BGENE_1029,0.2425954,1.1239245,0.9499671,0.00323258640200726,2.4904498582763397,0.09461228493679785,ns,0.604171690472901
BGENE_268,0.35476336,0.52591,0.4112603,0.023450217199138867,1.6298531304350112,0.3310618898701958,ns,0.5782121709550057
PRF1,0.30307126,0.62590766,0.50731367,0.013484090739928054,1.870178333597117,0.24150610280468154,ns,0.5667973048338051
BGENE_959,0.3336698,0.40807793,0.3238159,0.02769034408485317,1.557671647604928,0.3534937542747213,ns,0.5197480050152892
BGENE_978,0.39525026,0.29472864,0.22409889,0.049148613787104146,1.308488726725055,0.4502163095001907,ns,0.5171805105310952
BGENE_1076,-0.41616696,0.15176995,0.20251876,0.06751120543772005,1.1706241374522064,0.5031891088525718,ns,0.48717508998276066
BGENE_1154,-0.34721103,0.23271213,0.29603314,0.044918090515469536,1.3475787140361604,0.43469119853680194,ns,0.4678941974919483
BGENE_854,0.85074216,0.03132626,0.017369946,0.2971080100873803,0.5270856393782454,0.8084571703057968,ns,0.4484139760211136
BGENE_999,0.23906529,0.76046294,0.6443356,0.013825015454822067,1.8593343745303028,0.2370002649398069,ns,0.44450231051950845
BGENE_793,0.47292185,0.14875445,0.10717788,0.13631839553457317,0.8654455341866913,0.651721412914294,ns,0.4092881016280577
BGENE_920,-0.30418465,0.43103108,0.5322032,0.04781200937396872,1.3204630040204,0.44823758788095674,ns,0.401664570660716
BGENE_338,-0.36703718,0.1867606,0.24086572,0.08607031126682066,1.0651466264381015,0.5582939109199178,ns,0.3909484109503854
BGENE_1047,0.3677376,0.19933814,0.15448621,0.08797981761722898,1.0556169426536903,0.5676117265627676,ns,0.3881900317917146
BGENE_618,0.19145131,1.2605215,1.1038692,0.009853502180244986,2.006409382981948,0.20386556234989625,ns,0.38412970699820975
BGENE_271,0.25228718,0.7223352,0.60644674,0.03022776386738875,1.5195939790535282,0.362733166408665,ns,0.3833740785528041
BGENE_1090,0.30979827,0.3775287,0.3045728,0.06312072673421587,1.1998280095634832,0.48867659407134867,ns,0.3717046422169629
BGENE_328,0.32571843,0.32752687,0.2613338,0.08247171598091808,1.0836949690201036,0.5498114398727872,ns,0.35297942679603433
BGENE_329,-0.23773375,0.52044207,0.6136737,0.032975917849133056,1.4818031074945275,0.3841854506695113,ns,0.3522746117815108
BGENE_994,0.18846464,1.0399504,0.912597,0.01369883802256019,1.8633162694707592,0.23824066126191634,ns,0.3511692328593032
BGENE_36,0.2975252,0.3688569,0.3001191,0.06655542590081452,1.176816533085975,0.49916569425610896,ns,0.35013257115409824
BGENE_422,0.24513297,0.7204332,0.6078567,0.03780877380125413,1.422407407270746,0.4087435005540987,ns,0.34867894920723286
BGENE_34,-0.2561273,0.48565418,0.5800017,0.04487869709730138,1.3479597598549715,0.43784094729074513,ns,0.34524929094028933
BGENE_162,0.22129121,0.93562305,0.8025748,0.028980217397164335,1.5378983609616446,0.36606590396418104,ns,0.3403233956559557
BGENE_3,0.13487609,1.7258655,1.5718285,0.0031004064114309236,2.50858137369054,0.09301219234292771,ns,0.3383476403769322
BGENE_504,0.37927908,0.25140762,0.19328742,0.12995592790509938,0.8862039054838117,0.6497796395254969,ns,0.33611859935272625
BGENE_403,-0.38918433,0.14135565,0.18512712,0.1397477688296956,0.8546551171995828,0.660225679510373,ns,0.3326183756928988
BGENE_417,-0.16133271,1.2570173,1.4057473,0.0087670299336099,2.0571475106146586,0.18786492714878358,ns,0.33188518600219297
BGENE_480,0.3288698,0.34588176,0.275377,0.10097729836498354,0.9957762529797625,0.5853756426955568,ns,0.3274807270439132
BGENE_390,0.19794315,1.1845691,1.0326985,0.022294429340572127,1.6518036395921218,0.3184918477224589,ns,0.32696321724944494
BGENE_344,0.14959688,1.7903497,1.6140043,0.006712720414114589,2.173101440873452,0.16110528993875015,ns,0.32508920601051605
BGENE_213,0.12087999,1.9741979,1.8155247,0.002194614442169332,2.658641767151327,0.06930361396324207,ns,0.32137659778448724
BGENE_222,0.2295033,0.69501513,0.59279805,0.04412415293336272,1.3553236188255937,0.4340080616396333,ns,0.3110512481929043
BGENE_17,0.21390918,0.7812835,0.6736208,0.042882200651294014,1.3677229353910836,0.4288220065129401,ns,0.29256849017101455
KLRC1,0.27666685,0.25597432,0.21130562,0.0889790709807506,1.050712132978173,0.5590308124445064,ns,0.29069721593193526
BGENE_913,0.11359577,2.2251818,2.0566943,0.002875882757487163,2.5412288230229,0.08848870023037425,ns,0.288672841871686
BGENE_956,0.18242876,1.0748781,0.94720197,0.026223996447414487,1.5813011226077887,0.3496532859655265,ns,0.28847480664735314
BGENE_234,-0.21198986,0.7196058,0.83350855,0.046991093813122185,1.3279844457735064,0.44753422679163984,ns,0.28151924299251685
BGENE_1197,0.1917963,1.0186689,0.89185965,0.03545970962893702,1.4502648250539585,0.39399677365485575,ns,0.27815543151958155
BGENE_695,0.22000642,0.70224893,0.6029238,0.057528282800865575,1.240118589319517,0.4794023566738798,ns,0.27283405271017375
BGENE_1006,0.136652,2.00636,1.8250406,0.01135677568446639,1.9447449521818756,0.2129395440837448,ns,0.2657532731992158
BGENE_250,-0.3382592,0.14481445,0.18307906,0.16726300359311952,0.7766001087218286,0.6758101155277556,ns,0.26269212397942193
BGENE_872,-0.21055153,0.62265676,0.7204953,0.0574917121242303,1.2403947577128074,0.4824479339096249,ns,0.26116701419267796
BGENE_265,0.20029473,1.1831461,1.029778,0.05345271515617526,1.2720302296994412,0.4681989648716081,ns,0.25478095528598105
BGENE_445,0.28915915,0.24078935,0.19705674,0.14290896692468105,0.8449405202382027,0.6672792229946197,ns,0.24432228172982032
BGENE_908,0.12038202,2.0239034,1.8618778,0.00947629176858413,2.023361576111435,0.19950087933861327,ns,0.2435763504596388
BGENE_408,0.27081,0.29686213,0.24605522,0.12617133965639185,0.8990392856835534,0.6554355306825551,ns,0.24346883619234042
BGENE_16,0.14019227,1.6022074,1.4538401,0.018496301662981197,1.732915100133496,0.28455848712278764,ns,0.24294130208835527
BGENE_662,0.09934829,2.2372746,2.0883942,0.003616332403995285,2.441731657127522,0.0986272473816896,ns,0.24258186905904733
BGENE_1160,0.20277534,0.77893525,0.6767992,0.06474157637005093,1.188816730319917,0.4948400741659944,ns,0.24106272174385532
BGENE_933,0.15765934,1.2989442,1.1644753,0.03018396734540559,1.5202236776492897,0.3658662708534011,ns,0.2396774569951923
BGENE_1195,0.13577597,1.5132196,1.3773023,0.017922559652398112,1.7465999654591968,0.2793126179594511,ns,0.23714630177426504
BGENE_1135,0.19264574,0.8509368,0.7445692,0.06199674758869924,1.2076310934264372,0.4926893848108549,ns,0.23264498985389057
BGENE_11,-0.2236733,0.4845876,0.56585455,0.09861588523530816,1.0060531224384375,0.5800934425606362,ns,0.2250272208197473
BGENE_879,0.22004747,0.5342472,0.45867097,0.09678594150371936,1.014187720901954,0.5807156490223161,ns,0.22316944605244993
BGENE_990,0.16890666,0.9455151,0.8410512,0.050750623005558396,1.29455862206075,0.45790035794488776,ns,0.21865957158675725
BGENE_1034,-0.2732373,0.15206899,0.1837781,0.16951415469048092,0.7707940316950752,0.6780566187619237,ns,0.21060967082556056
BGENE_1017,0.2350042,0.4787938,0.4068226,0.12992255113317322,0.886315460299775,0.6523308006686521,ns,0.20828785705269295
BGENE_979,0.21860847,0.5855025,0.50317717,0.11150102802224225,0.9527211284693728,0.6223313191939103,ns,0.2082729070604505
BGENE_653,0.1641822,0.9565748,0.85368,0.0598912083645443,1.222636924505378,0.4856043921449538,ns,0.20073522132323893
BGENE_602,-0.23880722,0.47591308,0.56158555,0.1444418135045303,0.8403070675308233,0.6666545238670629,ns,0.20067139162304168
BGENE_134,0.1420268,1.0740888,0.9733876,0.04249950063529234,1.3716161728346554,0.4321983115453458,ns,0.19480625165467738
BGENE_1168,-0.17195758,0.83416206,0.9397555,0.07788607427361388,1.1085401855464498,0.5340759378762094,ns,0.19062189011727862
BGENE_729,0.29420242,0.21363845,0.1742269,0.2254599033084198,0.6469306835876681,0.7557315194695635,ns,0.19032857083044422
BGENE_209,0.13776635,1.2049773,1.0952343,0.04156771338925146,1.381243865071454,0.43001082816467023,ns,0.19028892068909573
BGENE_495,0.21622172,0.45575395,0.39232054,0.1325326422782696,0.8776771434977819,0.6491394723833613,ns,0.1897728615544342
BGENE_694,0.12073021,1.2276214,1.1290704,0.027030318350566723,1.5681488393519492,0.3487783012976351,ns,0.18932293299439146
BGENE_373,0.08785386,2.655179,2.4983146,0.007219000700065639,2.141522916070767,0.16985884000154444,ns,0.18814104671314114
BGENE_632,0.09867661,2.2030647,2.0574183,0.012618904087401978,1.8989783605800548,0.22943461977094506,ns,0.1873847414126719
BGENE_551,0.13039853,2.0381887,1.8620465,0.036699442611545195,1.4353405317307026,0.4003575557623112,ns,0.18716629077644065
BGENE_1020,0.11575808,1.3919445,1.2846217,0.02517945968224348,1.5989535935108339,0.3433562683942293,ns,0.1850917920940281
BGENE_58,0.16497381,0.91948473,0.82012945,0.07653866558209937,1.1161191137783955,0.527852866083444,ns,0.1841304229655704
BGENE_30,0.12771998,1.6829635,1.5403774,0.03883630327345605,1.4107621161571036,0.41242091971811734,ns,0.1801825141394905
BGENE_366,0.18411458,0.6533448,0.57506686,0.10565400725160132,0.9761140263518097,0.6037371842948647,ns,0.1797168194901285
BGENE_159,0.15891519,1.0363601,0.9282659,0.07492427297615056,1.125377462516157,0.5227274858801202,ns,0.17883957540309628
BGENE_32,-0.21094482,0.4008691,0.46398446,0.14213955625488062,0.8472850447143141,0.6688920294347324,ns,0.17873038825516058
BGENE_677,0.13610059,1.6012058,1.4570578,0.048853982347393146,1.3111000288540082,0.4509598370528598,ns,0.1784414877763346
BGENE_970,0.15100616,1.1794821,1.0622675,0.06764222386405223,1.1697821225998757,0.5010535101040906,ns,0.17664430890490107
BGENE_811,0.16694885,1.0524082,0.93740565,0.0887732518782104,1.0517178710637667,0.563639694464828,ns,0.17558309427641233
CEACAM3,0.22180171,0.4209276,0.36094272,0.16362217908956267,0.7861578277835711,0.6770572927843973,ns,0.1743711529764592
BGENE_1148,0.17298625,0.8395099,0.7446492,0.09860711443023926,1.0060917499033095,0.5828991986023996,ns,0.17404004309269455
BGENE_930,0.16619696,0.969643,0.8641349,0.09278516599320778,1.032521450960553,0.5739288618136564,ns,0.17160192342493497
BGENE_264,0.15541229,1.1660131,1.0469348,0.08020975469780266,1.0957728118428613,0.5407399193110292,ns,0.1702965581949535
BGENE_351,0.08976161,2.5584166,2.4040878,0.013525928808717582,1.8688329027351978,0.23869286133031029,ns,0.1677494452160572
BGENE_857,0.08554686,1.8367306,1.7309849,0.010995703346382519,1.9587769855225503,0.20944196850252417,ns,0.16756721782651765
ITGAX,0.085075125,2.1137464,1.9927036,0.010820415201505949,1.9657560741404245,0.21286062691487112,ns,0.16723694392009905
BGENE_572,0.11877382,1.8208201,1.6769207,0.03932274317575144,1.4053561931660388,0.4139236123763309,ns,0.16691952073483507
BGENE_646,0.0798189,2.6882465,2.5435555,0.008106320581230017,2.091176225180292,0.18014045736066706,ns,0.16691537962047356
BGENE_100,0.19166681,0.58441925,0.51171356,0.13682760850423112,0.8638262636444741,0.6515600404963388,ns,0.16556682581946436
BGENE_765,0.18794462,0.5745462,0.5043684,0.13191821131856818,0.8796952459304124,0.6514479571287317,ns,0.16533398945791733
BGENE_168,0.18014985,0.82403386,0.7273015,0.12139844865768973,0.915786863044202,0.6445935326956977,ns,0.164978868966938
BGENE_397,0.1326938,1.0122533,0.9233031,0.06094949027471297,1.215029922068653,0.48759592219770376,ns,0.16122693425307882
BGENE_907,-0.14846635,0.8803981,0.9758251,0.08263284092893677,1.0828473158802328,0.5478420393078681,ns,0.1607663871321028
BGENE_230,0.08062254,2.0934844,1.9797024,0.010929087923492498,1.961416080165787,0.2115307340030806,ns,0.15813434426975173
BGENE_835,0.14784881,1.2862856,1.1609952,0.08570398200611526,1.06699899927742,0.5589390130833604,ns,0.1577545373568622
BGENE_549,0.13157251,0.9784203,0.8931371,0.06445421134869306,1.1907487011849547,0.49580162575917736,ns,0.15666980107689163
BGENE_63,0.16409993,0.8365505,0.74660873,0.11515913871460401,0.9387015919086968,0.6310089792581042,ns,0.15404086713478027
BGENE_842,0.14098434,1.1998858,1.0881766,0.08166416405544542,1.0879684791742796,0.5474692562376229,ns,0.15338651961152452
BGENE_1110,0.1691739,0.6931147,0.6164227,0.12413354005289978,0.9061108591792167,0.6504814325916146,ns,0.15329030453860867
BGENE_52,0.12256641,1.2010853,1.1032594,0.056525909322171386,1.2477524425089213,0.4776837407507441,ns,0.1529325367096858
BGENE_233,0.19293389,0.40565938,0.35488078,0.16146167668175382,0.7919305419439386,0.6798386386600161,ns,0.15279023788391424
BGENE_1042,0.14883263,1.3257802,1.1958271,0.09444917289467206,1.024801840906284,0.5753249110335353,ns,0.15252395740377478
CD160,0.15110885,1.0078561,0.90763277,0.09819052407273943,1.0079304220041954,0.5833100439964718,ns,0.15230720298627154
BGENE_364,0.11917735,1.2621983,1.1621218,0.05414504834539255,1.2664412541744248,0.47082650735123954,ns,0.1509311112249952
BGENE_48,0.09739933,1.5966265,1.492393,0.028986888134352483,1.5377984055011378,0.36233610167940605,ns,0.1497805368763776
BATF3,0.13080038,1.1343254,1.0360072,0.07315768677559004,1.1357400352415392,0.5194628646787458,ns,0.14855522967048695
BGENE_608,0.11603264,1.2000376,1.1073005,0.05313850226165165,1.2745906905856343,0.4688691376028086,ns,0.14789411976009598
BGENE_786,0.07430531,2.4286604,2.30674,0.010329996032836995,1.9858998452681174,0.21010161422719312,ns,0.1475629053104297
BGENE_825,-0.16246186,0.8861614,0.9917878,0.12561571868628682,0.9009560125766389,0.6553863583632357,ns,0.14637099135450204
BGENE_64,0.20712994,0.46075258,0.39913085,0.19731748708297814,0.7048344240883954,0.7089251032921371,ns,0.14599231224666295
BGENE_492,0.17495616,0.66057086,0.58512986,0.14722714614445756,0.8320121062091639,0.6567753731351267,ns,0.14556564134838237
BGENE_401,-0.24177922,0.19305708,0.22828053,0.2517405108752775,0.599046890792911,0.7805907313962093,ns,0.14483709184706522
BGENE_987,0.08669555,1.7794026,1.6756228,0.02134857379647288,1.6706311329579675,0.3124181531191153,ns,0.14483628804675897
BGENE_912,-0.15718643,0.806594,0.8994414,0.11988981839858535,0.9212176976439911,0.6451470048354369,ns,0.14480292452902344
BGENE_333,0.20743889,0.36555055,0.31659344,0.2079879938735807,0.68196173400332,0.7276547890620899,ns,0.14146538250922278
BGENE_888,0.07982378,2.1970615,2.0788007,0.017019715300893752,1.7690477088980212,0.27231544481430003,ns,0.1412120699582213
BGENE_659,0.059631456,3.4220932,3.2835298,0.00466118629229308,2.3315035393977905,0.11900901171812119,ns,0.13903094999990498
BGENE_955,0.19550994,0.41389397,0.36143863,0.19532519417191685,0.7092417352879363,0.708127592164049,ns,0.1386638093852789
BGENE_1002,0.1087374,1.8934189,1.7559555,0.05431144162787364,1.2651086692618558,0.46887575506077955,ns,0.13756462951846016
BGENE_38,-0.1473,0.982087,1.0876565,0.11841090231743576,0.9266083094515801,0.6458776490041951,ns,0.136489408577367
BGENE_1194,0.064539015,2.2462785,2.1480057,0.007883963367693203,2.1032554023080765,0.17850483096663855,ns,0.13574203257490103
BGENE_354,0.08311976,1.7006164,1.6054057,0.02393168131945358,1.6210267889707353,0.33393043701563135,ns,0.13473935355724337
BGENE_1004,0.07378626,2.8038812,2.6640828,0.015738942304921757,1.8030244566383535,0.25522609143116365,ns,0.13303842899545454
GNLY,0.22431675,0.32776773,0.28056914,0.25734922436977514,0.5894771363410869,0.7838047442734268,ns,0.1322295930633532
BGENE_1,0.19620168,0.4102074,0.35804757,0.21801503032260217,0.6615135643717677,0.7411275818332084,ns,0.1297900740555946
BGENE_716,0.16179095,0.8099502,0.72402626,0.15870209243079592,0.7994173471887072,0.6729417346888872,ns,0.12933849371608402
BGENE_247,0.106832236,1.345797,1.2497404,0.06244776901724726,1.2044830724348552,0.4930087027677415,ns,0.12867761991446802
BGENE_829,0.12536491,1.1673924,1.0702327,0.09526576213049402,1.0210631538154467,0.574466907319562,ns,0.12800549501441827
BGENE_154,-0.18410146,0.36939085,0.41966847,0.20381133911175442,0.6907716575392411,0.721456067652228,ns,0.1271720723127144
BGENE_938,0.10120981,1.838167,1.7136328,0.05587148834132458,1.2528097594646959,0.4788984714970678,ns,0.12679664005966565
BGENE_1134,0.081822455,1.9077579,1.8025705,0.029562931293318516,1.5292525059539022,0.36199507706104306,ns,0.12512719424401147
BGENE_497,0.05162202,3.4678335,3.3459425,0.003841499198783421,2.4154992530561246,0.10243997863422456,ns,0.1246929464469264
BGENE_499,0.20213115,0.37534395,0.3262734,0.24465378103990087,0.6114480679805775,0.7725908874944237,ns,0.12359270246264925
BGENE_740,-0.15399243,0.49811167,0.5542212,0.15783473001759163,0.8017974282784744,0.6740273168011031,ns,0.12347073384774956
BGENE_87,-0.14322144,0.8269127,0.9132163,0.1455812777062022,0.8368944733176262,0.6567576437873783,ns,0.11986122986510822
BGENE_817,0.06792732,1.9089066,1.8211113,0.017781608477687512,1.7500289564485745,0.28076223912138176,ns,0.11887478267713213
BGENE_684,0.17894289,0.40681514,0.35936004,0.2175890761122884,0.6623629118380172,0.7417809412918923,ns,0.11852513299428304
BGENE_111,0.1667932,0.5861082,0.52211714,0.19502291473901123,0.709914357047582,0.7091742354145864,ns,0.11840888548745832
BGENE_722,0.09982068,1.6058185,1.4984678,0.06887214061959741,1.161956418469138,0.5008882954152539,ns,0.11598728088666545
BGENE_559,0.08426682,1.9993867,1.885949,0.042217274116083815,1.3745098116385293,0.43299768324188526,ns,0.11582556959333078
BGENE_163,0.12555048,1.2023793,1.102166,0.11953857766111052,0.9224919159576328,0.6461544738438406,ns,0.11581930164243032
BGENE_1045,0.048637368,3.3181372,3.2081378,0.004336858994408253,2.3628246979678917,0.11313545202804137,ns,0.11492157384649145
BGENE_1080,-0.19859613,0.23309824,0.26749927,0.2642744496446777,0.5779448229247222,0.7849736128059734,ns,0.11477760795002331
BGENE_859,-0.14738058,0.619657,0.68630534,0.16654268825475138,0.7784744294412502,0.6797660745091892,ns,0.11473200945241975
BGENE_144,0.14418429,0.8059808,0.7293246,0.16281852324428248,0.7882961886042933,0.6807743132165122,ns,0.11365992733787657
BGENE_251,0.14908004,0.7421612,0.6692997,0.17668501549533444,0.7528002810740974,0.6883831772545498,ns,0.11222749456214406
BGENE_463,0.19228876,0.3941837,0.3449958,0.261268547383517,0.5829128693387027,0.783805642150551,ns,0.1120875907175248
BGENE_676,-0.061624467,2.7923868,2.9142473,0.015724606367038655,1.803420217409734,0.25848668000611486,ns,0.11113481034738408
BGENE_988,-0.12387992,1.2149444,1.323878,0.12798587741432121,0.8928379498787764,0.65077564786943,ns,0.11060469109504208
BGENE_589,0.14774108,0.91624093,0.82705647,0.1789340372630197,0.7473070390331469,0.6860090885483184,ns,0.11040794853799561
CSF3R,0.15043171,0.757202,0.6822244,0.1850789585140823,0.7326429530497053,0.6984111642040841,ns,0.11021273041614357
BGENE_826,-0.15295136,0.55502367,0.61709857,0.19144688923326547,0.717951685988026,0.7090625527157981,ns,0.10981168660584101
BGENE_527,-0.1118702,1.3933437,1.5056865,0.10593511659508845,0.9749600510784319,0.6024745967493182,ns,0.10906897536203873
BGENE_759,0.0813191,1.5357859,1.4516141,0.04578595188229198,1.3392677524736043,0.439545138070003,ns,0.10890804983676834
BGENE_998,-0.12152983,1.3258734,1.4424016,0.12985414725264416,0.8865441754133763,0.6547267928704747,ns,0.10774156512618005
BGENE_292,0.09342111,1.9241253,1.8034778,0.07052243125849317,1.1516727238266762,0.5098007078927217,ns,0.10759054308878994
BGENE_919,-0.17050758,0.4790199,0.5391152,0.23434960157851537,0.6301357804940989,0.7662657272322028,ns,0.10744292702985349
BGENE_395,0.07232907,2.619639,2.491542,0.03323185878128905,1.4784453663385024,0.38344452439948906,ns,0.10693457350501169
BGENE_818,-0.14447916,0.695696,0.76897484,0.18195709076954036,0.7400310155266044,0.693169869598249,ns,0.10691905619703752
BGENE_1158,0.11125716,1.6172698,1.4972374,0.10997337746230076,0.9587124368470546,0.6166731446484155,ns,0.10666362127359648
BGENE_190,0.12737158,0.81970304,0.7504363,0.1454847172682096,0.8371826256105965,0.6587987197051002,ns,0.10663327327749854
BGENE_599,0.14716642,0.6328021,0.5714344,0.19142091772717906,0.7180106059681981,0.7111613042495817,ns,0.10566704756551303
BGENE_671,-0.13739632,1.2606221,1.3865814,0.17266393122861445,0.7627983752547112,0.6815681495866359,ns,0.10480569019642759
BGENE_9,0.18435584,0.5578114,0.49089727,0.27011197987045776,0.5684561537753177,0.7886481164100957,ns,0.10479821178183771
BGENE_202,0.1366864,0.9725719,0.88465714,0.1773812499201186,0.7510922891637813,0.6866370964649753,ns,0.1026641007573826
SERPINA1,0.10328204,1.3919432,1.2957777,0.10213788906786574,0.9908131221575018,0.58925705231461,ns,0.10233320234592719
BGENE_699,-0.21078786,0.20520884,0.23749246,0.3273007542233145,0.4850529939139749,0.830361321496781,ns,0.10224328380541067
BGENE_205,0.04500904,3.3492146,3.2463393,0.005354488861543863,2.2712819805195124,0.1311303394663803,ns,0.10222822001889467
BGENE_814,0.17154013,0.4514721,0.4008594,0.2579674115624242,0.588435154007825,0.7836984655060988,ns,0.10094024058166119
BGENE_73,0.12669739,1.0887914,0.997252,0.16100822417120408,0.7931519399870912,0.6803164401600172,ns,0.1004902816783661
BGENE_1054,0.051935606,2.4516256,2.364939,0.012176100068182044,1.9144917913487411,0.2247895397202839,ns,0.09943029080053457
BGENE_59,0.117878474,1.1921346,1.0986018,0.15175714214287137,0.8188508605805662,0.6719873452820871,ns,0.09652489012049897
BGENE_640,0.10841231,1.4002478,1.2988814,0.1341666889555554,0.8723552978671497,0.6518219706342772,ns,0.09457405340218102
BGENE_124,0.13971917,0.67668974,0.61422837,0.21604204445416486,0.6654617215456251,0.738605280185179,ns,0.09297776160525965
BGENE_782,0.11957775,1.1014363,1.0138247,0.16729232047983,0.7765239947804778,0.6736603509254899,ns,0.09285499255452692
BGENE_806,-0.08992139,1.3400375,1.4262183,0.09438670327631793,1.0250891826135657,0.5778777751611301,ns,0.09217744673770921
BGENE_370,0.11261704,0.8542557,0.7901085,0.15428688768571802,0.811670981569472,0.6781841216954638,ns,0.09140798192942015
BGENE_864,0.07307575,1.792075,1.703563,0.05636473147519453,1.2489925576613394,0.47969984234208113,ns,0.09127106662160482
BGENE_927,0.0778955,1.7572587,1.6648948,0.06833278015138518,1.1653709094420546,0.4999959523272086,ns,0.09077714940359871
BGENE_575,0.06079025,2.217316,2.1258268,0.03227196811985333,1.4911745481527099,0.37967021317474503,ns,0.09064887091438972
BGENE_380,0.11644058,0.9757497,0.9000907,0.16718255309483998,0.7768090468132123,0.6777671071412431,ns,0.09045209541265024
FCGR2A,0.07537518,1.3138791,1.2469964,0.06590698592039806,1.1810685492014361,0.5005593867372005,ns,0.08902325090525992
BGENE_155,0.10602197,0.9126393,0.84797555,0.1447462838134946,0.8393925774451587,0.665500155464343,ns,0.08899405509260876
BGENE_521,0.06536683,2.104217,2.011005,0.043821272859666735,1.3583150118072396,0.4345911357983478,ns,0.08878874232243361
BGENE_1167,0.061106466,2.1853006,2.0946734,0.03526011708504334,1.4527162499123687,0.39917113681181143,ns,0.0887703557797524
BGENE_607,-0.16830772,0.46832526,0.52627575,0.30146779689185776,0.5207590728409764,0.8129468680229872,ns,0.08764777306012002
BGENE_199,0.10544067,1.0604079,0.9856712,0.14915595732735493,0.8263593961220389,0.6629153658993552,ns,0.08713188736464729
BGENE_629,-0.14197251,0.48735064,0.537749,0.24424861291993072,0.6121678939466737,0.7733465316726039,ns,0.08691101367349689
BGENE_950,-0.14050284,0.5250332,0.5787385,0.24500289346229298,0.6108287866261322,0.7716626565741511,ns,0.08582317944608311
BGENE_954,-0.108766794,1.630713,1.7584078,0.16382295928877344,0.7856252332613087,0.6755585950052514,ns,0.08544993806816156
BGENE_732,0.09842169,1.1475666,1.0718894,0.13596070391866572,0.8665865955805869,0.6552323080417625,ns,0.08529091973660466
BGENE_322,0.049735237,2.8571992,2.760379,0.019339670107806056,1.7135509382975562,0.2900950516170908,ns,0.08522386187866375
BGENE_1173,0.056491528,2.0889294,2.008714,0.03137017264724151,1.5034830911352808,0.37271492254148336,ns,0.08493405669894956
BGENE_922,0.10568971,1.0747674,0.99884623,0.1571914546213453,0.8035710671494718,0.6785242645525696,ns,0.08492919455310205
BGENE_204,-0.10449969,1.5238976,1.6383752,0.15440131885015387,0.8113489943701139,0.6737512095279442,ns,0.08478571858388069
BGENE_227,0.05961116,2.6973011,2.5881217,0.03937337680316668,1.404797336947321,0.4108526275113045,ns,0.08374159925319052
BGENE_312,0.067850694,2.2367034,2.1339455,0.06014865818337503,1.2207740566043679,0.48441872362449695,ns,0.0828303670314456
BGENE_376,0.10506271,0.9319894,0.8665306,0.16345311901634152,0.7866067877868118,0.6786980720401724,ns,0.08264303945950298
BGENE_299,0.06417568,2.1464646,2.0530756,0.05225835615691519,1.2818442555962395,0.46451872139480166,ns,0.08226322711555502
CSF1R,0.12959102,0.6190302,0.56584954,0.2348333243051971,0.629240273970681,0.7657608401256427,ns,0.08154388764623502
BGENE_334,0.104332246,1.771285,1.647712,0.16579919440885715,0.7804175839464085,0.679041069251292,ns,0.08142271926230903
BGENE_887,0.07983045,1.5177097,1.4360096,0.09678905075192079,1.0141737694165776,0.5778450791159451,ns,0.08096195123020236
BGENE_288,0.16392173,0.42463595,0.379028,0.3222154655655982,0.4918536183283287,0.8244318948373515,ns,0.08062549539858446
BGENE_392,0.07660947,1.7957466,1.7028769,0.0889362730062674,1.0509210741981563,0.5617027768816888,ns,0.08051050645381463
BGENE_995,0.12505364,0.7342249,0.6732621,0.22710631559741956,0.6437707883211224,0.7591297457295361,ns,0.08050588309637949
BGENE_713,0.09285197,1.0545682,0.98883396,0.13600759537094184,0.8664368376916937,0.6528364577805208,ns,0.08045036433124698
BGENE_160,0.046952784,2.1662643,2.0968976,0.020198355174988025,1.6946839952816528,0.29923489148130406,ns,0.07957013168282409
BGENE_65,0.13012889,0.5031622,0.45976427,0.24634972415129053,0.6084479196875882,0.7718529216228424,ns,0.07917665257965936
BGENE_733,0.04371537,2.7490504,2.6670003,0.01559562396163384,1.8069972449739375,0.25992706602723065,ns,0.07899355126710288
BGENE_797,0.10950884,0.9003075,0.83449817,0.19219700081426594,0.7162533936704769,0.7096504645449819,ns,0.07843607988404999
BGENE_89,-0.058508873,1.7121559,1.7830201,0.04781368295341698,1.3204478025342345,0.44477844607829753,ns,0.07725791276290686
BGENE_225,0.07734074,2.1912818,2.0769036,0.10036106969637669,0.998434718414044,0.5846275904643302,ns,0.07721967695375939
BGENE_533,-0.13882779,0.4811375,0.5297374,0.27887129456788584,0.5545961872483531,0.8025073224975132,ns,0.07699336071630307
BGENE_1127,0.07351955,1.7930853,1.703999,0.09006225405676,1.0454571878176506,0.56288908785475,ns,0.07686154226849616
BGENE_866,0.081672296,1.4337208,1.3548112,0.1146755987765981,0.9405289835291516,0.631241828128063,ns,0.07681516147165522
BGENE_191,0.06527149,1.5583034,1.4893725,0.06831457377331847,1.1654866369603636,0.5029293774722832,ns,0.07607304857950828
BGENE_1113,0.03829008,4.0472865,3.9412816,0.01050025917668731,1.978799981157111,0.2100051835337462,ns,0.07576840895535412
BGENE_941,0.055106316,2.4870164,2.3938117,0.04253384172644328,1.3712653893234823,0.42891268967841967,ns,0.07556538353729371
BGENE_223,0.062795356,2.4874964,2.381547,0.062892012242221,1.2014045097123445,0.49327068425271375,ns,0.07544262378650209
BGENE_1187,0.22609052,0.1975506,0.16889545,0.4657444432405792,0.33185231793327624,0.8843248922289478,ns,0.07502866333060303
BGENE_503,-0.10330073,1.4338233,1.5402538,0.1881257655769668,0.7255517196990215,0.7032738900073525,ns,0.07495002077679394
BGENE_125,0.09541634,1.089353,1.0196366,0.17102789607352076,0.7669330467850076,0.6773382022713693,ns,0.07317794224148388
BGENE_953,-0.14295366,0.50035155,0.55246997,0.3080643479171855,0.5113585593875316,0.8160644977938688,ns,0.07310057971514448
BGENE_185,0.08087168,1.8859502,1.7831398,0.12794755646213463,0.8929680038381065,0.653349224487496,ns,0.07221582166436608
BGENE_856,-0.09100871,1.7011487,1.8119185,0.16314167059891216,0.7874350947555069,0.6797569608288007,ns,0.07166345051383086
BGENE_1082,0.07886257,1.4556149,1.3781817,0.12364709361772577,0.9078160874759026,0.6507741769353989,ns,0.07159270995103566
BGENE_736,0.04972693,3.1394749,3.0331068,0.03824151169935792,1.4174649482549073,0.40973048249312055,ns,0.07048617957270567
BGENE_741,0.10086073,0.9851975,0.91867346,0.20007613280210867,0.6988047155145379,0.7145576171503881,ns,0.07048195360396448
BGENE_308,0.1206005,0.9117796,0.8386591,0.260531175239638,0.5841403014452244,0.7855211313757928,ns,0.07044761196457558
BGENE_650,0.048955426,2.3796206,2.3002267,0.036530806908394706,1.4373407347962164,0.40217402100985,ns,0.07036562743302592
BGENE_57,0.20384532,0.25415298,0.22066396,0.4530832847047075,0.34382195965796847,0.8898526049846955,ns,0.07008649812257212
BGENE_516,-0.07840346,1.4778438,1.5603799,0.12774360369228527,0.8936608364041316,0.6550954035501809,ns,0.07006609985256758
BGENE_770,0.067818046,2.2558563,2.152267,0.09315543029287088,1.0307918237791152,0.573264186417667,ns,0.06990628692580639
BGENE_267,0.06497148,2.4821057,2.3728042,0.08489424603664807,1.0711217443757957,0.556683580568184,ns,0.06959236155749944
BGENE_347,0.0791265,1.6914656,1.6011932,0.13200387780137174,0.8794133105895978,0.6491993990231397,ns,0.06958489696267339
BGENE_462,0.14961332,0.4842529,0.43655002,0.3429461689780281,0.46477404424446633,0.8247202460393461,ns,0.06953638819383465
BGENE_528,-0.10924728,0.6885984,0.7427673,0.2312225137852748,0.6359698815980462,0.7643719463976026,ns,0.06947798109219512
BGENE_790,0.09049981,1.5792298,1.4832084,0.17075085558086178,0.7676371115227627,0.6784802208511064,ns,0.06947101341302842
BGENE_837,0.053424135,2.6665413,2.5696032,0.05031545648033821,1.29829858287691,0.4574132407303474,ns,0.0693604785678317
BGENE_512,0.07283442,1.8030953,1.7143258,0.11244835934417292,0.949046876670949,0.6247131074676274,ns,0.06912327618051987
BGENE_374,0.120207496,0.5458747,0.5022349,0.2680036453374641,0.5718592987354707,0.7882460156984239,ns,0.06874177435811023
BGENE_257,-0.12092058,0.7266388,0.79016787,0.27060660925454927,0.5676616004666764,0.7881745900617939,ns,0.06864197201901384
BGENE_1069,0.129967,0.53082764,0.485098,0.30119815001850436,0.5211476999322353,0.8140490541040658,ns,0.06773200523334087
BGENE_748,0.095805526,1.1852747,1.1091204,0.19654032771819274,0.7065483241256347,0.7082534332187126,ns,0.06769123368163937
BGENE_41,0.09920332,1.6384876,1.5296073,0.20819706369723745,0.6815253998450765,0.7262688268508283,ns,0.06760958120953156
BGENE_245,-0.2534007,0.124624826,0.14855468,0.5426177252118829,0.2655060236301199,0.917100380639802,ns,0.06727941574818558
BGENE_1041,0.08380262,1.3906438,1.312166,0.157803531446557,0.8018832820480706,0.6763008490566729,ns,0.06719991843529374
BGENE_382,0.16223027,0.4406953,0.39382392,0.3878836620423519,0.41129851283171376,0.8556257250934234,ns,0.06672506801436111
BGENE_107,0.07863637,1.3861952,1.3126607,0.1432631028216598,0.843865647036587,0.666340013123999,ns,0.06635853175636171
BGENE_1031,0.040981453,3.4159882,3.3203182,0.024117691191705915,1.6176642699437926,0.33265780954077123,ns,0.06629423210627555
NKG2A,-0.11967016,0.6854553,0.744738,0.2834767787892397,0.5474825108689185,0.798526137434478,ns,0.06551731973571714
BGENE_541,-0.083391756,1.0219707,1.0827842,0.1669002013582911,0.777543139361844,0.678916073321862,ns,0.06484068761665093
BGENE_461,0.12283036,0.6566835,0.60308766,0.29832912257822075,0.5253043491935234,0.8099433192168889,ns,0.06452332291347249
BGENE_1048,0.11089553,0.76610684,0.7094249,0.26232370045080766,0.5811624699509542,0.783055822241217,ns,0.06444831976645153
BGENE_904,0.081625655,2.304409,2.1776485,0.16422980387272912,0.7845480257615913,0.674917002216695,ns,0.06403924671198388
BGENE_1109,0.10202839,0.74530447,0.6944166,0.23797452099910843,0.6234695386654816,0.7676597451584143,ns,0.06361159465019658
BGENE_735,0.06502343,1.7012197,1.6262465,0.10594974316749206,0.9749000917240801,0.5997155273631626,ns,0.06339134757074184
BGENE_823,0.055630144,2.9247108,2.8140807,0.07421778016789243,1.1294920394139714,0.523890212949829,ns,0.06283380449655986
BGENE_378,0.097882636,1.4855802,1.388131,0.2284433829383523,0.6412214171441921,0.7593685859446614,ns,0.06276444250011654
BGENE_362,0.12417339,0.6530564,0.59919846,0.31892899105925887,0.4963060010305128,0.8265978170002389,ns,0.06162799757566158
BGENE_449,-0.11175796,0.9856689,1.0650588,0.28106591559244465,0.5511918173866249,0.8030454731212704,ns,0.06160007112045451
BGENE_318,0.058370493,2.1729612,2.0867994,0.08874685674474449,1.0518470199358212,0.5664692983707095,ns,0.06139682948491946
BGENE_323,0.09975632,1.2428327,1.1597997,0.24323057423944117,0.6139818348725671,0.772160553141083,ns,0.06124857011356754
BGENE_1077,0.08318194,1.1335486,1.0700396,0.1843442256804938,0.7343704614990028,0.697833030967169,ns,0.061086359680231385
BGENE_460,0.08554475,0.9853905,0.92866015,0.19340162568552322,0.7135398796672638,0.7097307364606357,ns,0.06103959068853415
BGENE_668,0.046204783,2.005053,1.9418552,0.04780401912910151,1.3205355884880312,0.451691519330093,ns,0.061015060339451685
BGENE_167,-0.079084575,1.4779673,1.5612471,0.17051169322831594,0.7682458329154652,0.6797808367906283,ns,0.060756395327035466
BGENE_88,0.0714388,2.5968895,2.4714296,0.1422971094874975,0.8468039217455088,0.6670177007226445,ns,0.060494653310480075
BGENE_690,0.06694419,1.6192344,1.545815,0.12637691719188482,0.8983322429179305,0.6536737096131973,ns,0.060138123786785964
BGENE_989,-0.09429781,1.3440856,1.4348729,0.23370235691220576,0.6313369076813558,0.7662372357777238,ns,0.059533688643431684
BGENE_976,0.14563398,0.47624606,0.4305178,0.390334488800292,0.40856307404820086,0.8578779973632791,ns,0.05950066681281592
BGENE_472,-0.10858107,0.6595188,0.71107167,0.28541809729292766,0.5445184933612521,0.8002376559614794,ns,0.059124402594511766
BGENE_778,0.06625067,1.3159283,1.2568654,0.12914264497196656,0.8889303230489143,0.6538868099846409,ns,0.058892226797159525
BGENE_1140,-0.117772475,0.6266196,0.6799188,0.32078765837622725,0.49378234862417797,0.8242937688468366,ns,0.05815396925199084
BGENE_218,0.0683609,1.8019236,1.7185322,0.14351277140368018,0.8431094487325012,0.6649240373915685,ns,0.057635722711202785
BGENE_1074,0.09503574,0.9349311,0.8753283,0.2502431258569474,0.6016378436923978,0.7779579042184893,ns,0.05717709723188989
BGENE_914,0.071154624,1.6540995,1.5744973,0.15772456474101315,0.8021006624056499,0.6783852246925297,ns,0.05707317122306218
BGENE_619,-0.09851445,1.0779355,1.1541137,0.26367243169878574,0.5789352755420898,0.785128828879759,ns,0.05703349174733363
BGENE_1024,-0.1264439,0.45028868,0.49153507,0.35478711176375244,0.4500321650284398,0.8364332693840921,ns,0.05690381879421794
BGENE_311,0.08242829,1.1635216,1.0989074,0.20562729455288487,0.6869192384756946,0.7214992791329293,ns,0.056621579184824335
BGENE_643,0.14960061,0.3131804,0.282332,0.4183443109170396,0.37846613262815904,0.8670348412788386,ns,0.05661876435735797
BGENE_75,-0.11387216,0.68508047,0.74134535,0.323062058845468,0.49071404353481063,0.8248392991799184,ns,0.05587866955066751
BGENE_263,-0.12555073,0.5657903,0.61723435,0.3628084016539569,0.44032266441871204,0.8421084757925498,ns,0.0552828328412529
BGENE_545,0.14651197,0.3503066,0.3164781,0.42114611335099117,0.37556720294586476,0.8653687260636805,ns,0.05502509150354393
BGENE_807,-0.087856404,1.0033917,1.0663947,0.2398478510797698,0.6200641682482354,0.7675131234552633,ns,0.05447660837122932
BGENE_1083,0.057334382,1.72786,1.6605393,0.11284708060158695,0.947509671810157,0.6240391554004808,ns,0.054324881554684186
BGENE_658,0.034142386,3.7218628,3.6348162,0.02626639007642348,1.5805996104121687,0.3463699790297602,ns,0.053965442276064333
BGENE_146,0.09118161,1.1650571,1.0937014,0.2580384168831529,0.5883156312525655,0.7819345966156148,ns,0.05364356850775483
ITGAM,0.058448613,1.8866417,1.8117349,0.12114808833666489,0.9166834344475476,0.6461231377955461,ns,0.05357887501933798
BGENE_409,-0.32509926,0.04786289,0.059960518,0.6870498393479616,0.16301175760026315,0.9476549508247746,ns,0.05299500170437635
BGENE_427,0.036040265,2.8142896,2.744856,0.03526895119362459,1.452607454922641,0.39553963955466825,ns,0.05235235778069968
BGENE_241,-0.110714965,0.6936402,0.74896723,0.3370262907365734,0.4723362193765457,0.8287531739423937,ns,0.0522946877927478
BGENE_673,-0.12180396,0.36314768,0.3951391,0.3800520435965309,0.42015692785906616,0.85887467479442,ns,0.051176778346515496
BGENE_40,0.11869969,0.5021399,0.4624795,0.37246721883878897,0.4289119438657476,0.8529783637529518,ns,0.050911715713347315
BGENE_26,-0.06874588,1.3916965,1.4596176,0.1821184260838814,0.7396461116366293,0.6915889598122079,ns,0.05084762380866558
BGENE_470,0.06984913,2.1533008,2.0515306,0.18784508448190873,0.7262001650419802,0.7044190668071577,ns,0.05072445226957831
BGENE_621,0.16992745,0.27419972,0.24373257,0.5034862608826121,0.29801237596295166,0.8937625932827433,ns,0.05064048253001872
CD14,0.051474325,2.64179,2.5491943,0.10402811226645292,0.9828492823129278,0.5972905967451843,ns,0.05059150373650521
ARG1,0.1035313,0.88681674,0.8254064,0.32562926315253304,0.4872765735168584,0.8296286959300204,ns,0.05044837761353594
BGENE_868,-0.08520987,1.1660717,1.2370179,0.25619697877854275,0.5914259960103176,0.7842764656486002,ns,0.050395331553528454
BGENE_858,0.14487137,0.49141204,0.44446245,0.45534338149924825,0.3416609715933422,0.884161905823783,ns,0.049496892690049504
BGENE_317,-0.10565913,0.65365416,0.7033227,0.3414792186822885,0.4666357209318652,0.8311867391860978,ns,0.049304323010528436
BGENE_304,0.09551856,0.7130606,0.66737884,0.30690534257933144,0.5129955513448887,0.8165995811423452,ns,0.049000595949426705
BGENE_923,0.08748113,0.970624,0.9135169,0.2772569268094498,0.5571175949081351,0.8036432661143472,ns,0.04873727877324947
BGENE_530,-0.11046679,0.73861164,0.79738855,0.3623306331380962,0.44089494711246935,0.8442655529431369,ns,0.048704250936565045
BGENE_744,0.10250599,0.9649992,0.89881337,0.33565972361683827,0.474100767361914,0.8287894410292304,ns,0.048598168220803616
BGENE_391,0.10444487,0.6292407,0.5852962,0.3429100383497903,0.4648198011606194,0.8262892490356392,ns,0.04854804317697415
BGENE_505,0.05789623,1.8309199,1.7588987,0.14514555502208654,0.8381962595838659,0.659752522827666,ns,0.04852840373997745
BGENE_348,-0.056360904,2.7489743,2.8584921,0.13853156668757885,0.8584512542084026,0.6570667194667772,ns,0.048383088836451205
BGENE_37,0.04354517,1.9668424,1.9083637,0.0785993137469187,1.1045812457828246,0.5359044119108093,ns,0.04809917991414722
BGENE_457,0.06395375,1.5406171,1.4738141,0.17749663732129894,0.7508098702519168,0.6826793743126882,ns,0.04801710661610868
LYZ,0.1196311,0.62800324,0.5780285,0.39907918606438797,0.3989409222112231,0.8597756252733673,ns,0.04772574005089429
BGENE_764,0.07005099,2.0598135,1.9621872,0.2098896403721111,0.6780089965784275,0.7279409492674374,ns,0.04749520284380827
BGENE_372,0.03207365,3.6380572,3.5580692,0.03370466111401834,1.4723100351488874,0.38519612701735245,ns,0.047222357508434176
GZMB,-0.083771,0.9288653,0.9843972,0.2742918497409663,0.5617870967524213,0.7969738975524445,ns,0.047061465658634734
BGENE_601,-0.17225909,0.11734728,0.13222957,0.5340035627950753,0.2724558454113693,0.9154346790772719,ns,0.04693299663081937
BGENE_657,0.14413075,0.47856516,0.4330652,0.47579079562636706,0.3225839638274278,0.8824558806053175,ns,0.046494269125261424
PGLYRP1,0.06733637,1.2075363,1.1524708,0.20496419092250573,0.6883220074476014,0.7212816102844776,ns,0.04634910745903438
BGENE_489,0.05223702,2.1052082,2.0303464,0.1307781807579569,0.8834647083578391,0.6484868467336706,ns,0.04614956270581282
BGENE_564,0.08279388,1.0195205,0.96265906,0.2788230017794535,0.5546714015430722,0.8042971205176545,ns,0.04592339553338024
BGENE_1055,0.06808695,1.4603441,1.3930252,0.2143524519609643,0.6688715442642601,0.7412764909312887,ns,0.04554142470912545
BGENE_1043,-0.09751475,1.1012168,1.1782236,0.3446338605741276,0.46264205498415417,0.8254703247284493,ns,0.04511442367121612
BGENE_620,0.13606052,0.4168943,0.37937397,0.4671184594997121,0.3305729700051798,0.885532624644004,ns,0.04497793052959869
BGENE_407,-0.10060942,0.66029847,0.70798945,0.357772048244521,0.4463935926880327,0.8401691935292079,ns,0.044911401224338655
BGENE_683,-0.08232791,1.2313012,1.3036094,0.28511711683431074,0.5449767093003468,0.8012659021104751,ns,0.04486679334873763
BGENE_1013,0.041620053,2.8483667,2.7673686,0.0844185025770308,1.073562355667755,0.5566055114969064,ns,0.04468172251843716
BGENE_606,-0.085142,1.0096501,1.071029,0.299302333370869,0.5238898973724966,0.8107512416366655,ns,0.0446050344329881
BGENE_623,0.09464458,0.9765385,0.91453105,0.33794895261234137,0.47114889520476205,0.8293225830977702,ns,0.044591687566102954
BGENE_1117,0.082147576,1.0793886,1.0196449,0.29058493282402365,0.5367269081420165,0.8053162110596499,ns,0.04409081443214427
BGENE_384,0.027549347,4.382047,4.2991624,0.02544471782967652,1.594402360891843,0.34307484714170594,ns,0.043924743752621544
BGENE_319,-0.08111829,0.93910515,0.9934209,0.28777031025248845,0.5409540149812175,0.8030799355883399,ns,0.04388126634441466
BGENE_494,0.027640289,3.201557,3.1408029,0.026401767525004945,1.5783669973475751,0.3443708807609341,ns,0.04362651947444111
BGENE_360,-0.07882135,1.4308509,1.5112001,0.2798732850608281,0.5530385545684329,0.8015464011288632,ns,0.043591247471996546
BGENE_1114,0.0822215,1.629337,1.5390749,0.2958085122345301,0.5289893328296792,0.8067504879123548,ns,0.04349429673371128
BGENE_93,0.09857783,0.37806886,0.35309857,0.3639872705688826,0.4389138043134706,0.8415890648991504,ns,0.04326716916397708
BGENE_56,0.13421886,0.47059014,0.42878425,0.4761448998425267,0.3222608631916979,0.8817498145231977,ns,0.04325348461426795
S100A9,0.081734866,2.1531122,2.0345201,0.2956889333844356,0.5291649293122693,0.8082613213241975,ns,0.04325122453836091
BGENE_761,0.07929287,1.6987842,1.6079357,0.28737511735081345,0.5415508383766869,0.8038464821001775,ns,0.04294112079874751
BGENE_1162,0.080865175,1.2651592,1.196196,0.2953580921827865,0.5296511258991855,0.8110519693806495,ns,0.04283033073687439
BGENE_1097,0.07760103,1.0455438,0.9907908,0.28201563941593466,0.5497268068448021,0.8000443671374033,ns,0.04265936668755699
BGENE_583,0.06383282,1.7068491,1.6329749,0.21575949015923224,0.6660300927940125,0.739746823403082,ns,0.042514578669461095
BGENE_238,0.10799268,0.5301129,0.49188012,0.40523799547269146,0.3922898415681285,0.8576465512649555,ns,0.04236443088862426
CLEC9A,-0.05262569,2.2003264,2.2820704,0.15823962598993768,0.8006847522300745,0.6733601105954795,ns,0.04213658728278474
CD83,-0.08280732,1.8744354,1.9851713,0.3105340229011957,0.5078908104672007,0.815406624685853,ns,0.04205707553478082
BGENE_476,-0.11070809,1.0976282,1.185173,0.41700466153200544,0.3798590901909626,0.8687597115250113,ns,0.04205347346394085
BGENE_1184,0.06415775,1.0708222,1.0242453,0.22222199302722934,0.6532129616971177,0.7490628978445932,ns,0.04190867175877677
BGENE_934,0.037829608,2.5474465,2.4815168,0.07870126505260272,1.1040182866885968,0.5335678986617134,ns,0.04176457870681456
BGENE_540,-0.08747608,0.9657199,1.0260869,0.334402434940658,0.475730568920098,0.8325371824248747,ns,0.04161504632629762
BGENE_609,0.04729818,2.526483,2.4449964,0.13302314837995596,0.8760727775373454,0.6488934067314924,ns,0.041436649503774584
BGENE_70,0.10087789,0.53211826,0.49618182,0.39160407035527134,0.407152802763571,0.8590948526989499,ns,0.041072715039927134
BGENE_295,-0.12728746,0.11951234,0.13053603,0.4767941543813614,0.3216690777969321,0.8788832338826937,ns,0.04094444063042844
BGENE_68,0.111116245,0.6354591,0.58835334,0.4296228934661448,0.36691258428916024,0.8693886545689271,ns,0.04076994875218085
BGENE_981,0.051661346,2.8313894,2.7317944,0.16262884881563178,0.7888024121852457,0.682358806219434,ns,0.04075059442650744
BGENE_925,0.053320717,1.6543189,1.5942929,0.17540197320668383,0.7559655252917901,0.6878508753203287,ns,0.04030862388613155
BGENE_1066,-0.077673934,0.93608516,0.9878649,0.3038267052371242,0.5173740559261678,0.8138215318851542,ns,0.04018647848031333
KLRD1,0.08521471,1.0043956,0.9467876,0.3417327335749898,0.4663134194157109,0.8301200005870197,ns,0.03973676360934075
BGENE_256,0.052707836,2.2729938,2.19145,0.176593156764548,0.7530261299599147,0.6902664108060508,ns,0.03969037778567376
BGENE_895,0.051082786,2.3211856,2.2404354,0.16749024070153473,0.7760104933014634,0.6722016349225474,ns,0.03964077809703454
BGENE_1058,0.081904024,0.77720094,0.7343071,0.3283162483085189,0.4837076235877069,0.8259528259333808,ns,0.03961760075603576
BGENE_783,0.06637156,1.1250342,1.0744492,0.2531316214536291,0.5966535989546904,0.7808687551268764,ns,0.03960083019995787
BGENE_129,0.06472616,1.3616503,1.3019104,0.245918475730998,0.6092088417102542,0.7725187719298368,ns,0.03943174833846077
BGENE_35,0.08438054,0.92785394,0.875142,0.34124996436106647,0.46692738530735745,0.8323169862465035,ns,0.039399583639011346
BGENE_183,0.031741247,2.7007866,2.6420145,0.0588117428189723,1.2305359505852498,0.48671787160528807,ns,0.0390587450344071
BGENE_485,0.12986407,0.12871587,0.117635615,0.5020338939338875,0.29926696123834623,0.8938288912769511,ns,0.0388640246570263
BGENE_531,0.08822406,0.9059291,0.85218936,0.3637347640160201,0.4392151891877547,0.8426287969483091,ns,0.03874934756987754
BGENE_718,0.08538752,0.81400824,0.76722825,0.3531085455378733,0.4520917720006673,0.8357598710955582,ns,0.03860299544600632
BGENE_997,0.03355844,2.172188,2.1222441,0.07126835678947764,1.1471032544693498,0.5121079529782824,ns,0.038494995123352416
BGENE_771,0.123883955,0.338955,0.31106356,0.489627906239681,0.3101338376343035,0.8822124436751009,ns,0.03842060644148949
BGENE_71,0.053817693,2.3921072,2.304517,0.19361306663944056,0.7130653361913073,0.7083404877052704,ns,0.038375531454826174
BGENE_909,0.06901291,1.267801,1.208582,0.2790290652888845,0.5543505557331494,0.8010403788197642,ns,0.038257345082019
CLEC10A,0.10314099,0.58833164,0.54773897,0.4287512647362033,0.3677945858596243,0.872036470649905,ns,0.03793469676647517
BGENE_523,-0.10161773,0.7180819,0.7704847,0.4238032162096055,0.37283575178571443,0.8678564154462911,ns,0.03788672318954715
BGENE_686,-0.07842398,1.1742148,1.2398112,0.3292031969466549,0.48253595593379706,0.8264515404518533,ns,0.03784238866069975
BGENE_498,0.18261652,0.2662736,0.23461449,0.6209904538958742,0.20691507591393662,0.9361665134108655,ns,0.03778611046738162
BGENE_428,0.06955187,1.0694693,1.0191336,0.2887535661747377,0.5394726434272583,0.8039542445700354,ns,0.037521331286593816
BGENE_175,-0.09401436,0.6066554,0.6475052,0.40448057719301067,0.3931023279958899,0.8590737922683412,ns,0.03695726437098808
IRF8,0.1100697,0.40890476,0.3788679,0.4636291259589238,0.333829288744013,0.8859155273100454,ns,0.03674448952487388
BGENE_822,-0.07644573,1.7479926,1.8431134,0.3310301876152525,0.48013239982874123,0.8275754690381312,ns,0.03670407110076861
BGENE_969,-0.0911952,0.66996855,0.71368563,0.39625573481007803,0.40202443940296434,0.8614255104566915,ns,0.03666270050860938
BGENE_215,0.029821021,2.6563826,2.6020377,0.059437774405728915,1.2259374607112548,0.4885296526498267,ns,0.03655870735188603
BGENE_696,0.11536788,0.39974844,0.36902645,0.48275313089768657,0.316274900920542,0.8830849955445486,ns,0.0364879654343244
CEACAM8,0.07137807,1.8313181,1.7429175,0.3096926482266036,0.5090691042089711,0.8167718194987348,ns,0.03633636869699503
BGENE_901,-0.0532512,2.0945609,2.1733177,0.20884507018755538,0.6801757718501911,0.7264176354349752,ns,0.03622017567034913
BGENE_784,0.074238665,1.2380219,1.1759267,0.32697175031024217,0.48548976787291465,0.8312841109582427,ns,0.03604211243318068
BGENE_224,0.10503393,0.45418337,0.42229193,0.455118567717702,0.34187544598592856,0.8851576681705711,ns,0.035908520522517855
BGENE_615,-0.0689591,1.1998283,1.2585714,0.30305803228647255,0.5184742009083401,0.813578610165027,ns,0.03575351532272974
BGENE_280,0.027749784,4.0978227,4.0197554,0.05194441700855525,1.2844611236154426,0.46517388365870377,ns,0.035643519110235
BGENE_302,0.06629814,1.5574181,1.4874675,0.29073883887446006,0.5364969483390569,0.8038861904362951,ns,0.035568750904075706
TCN1,0.15045433,0.25330046,0.22821519,0.5814861059204197,0.23546065788167586,0.937880816000677,ns,0.03542607492584295
BGENE_345,0.06430267,1.1205587,1.0717107,0.282105768366947,0.5495880335031866,0.7984125519819254,ns,0.03533997684162256
BGENE_356,0.042393647,1.617201,1.5703709,0.14721125453696754,0.8320589862182403,0.6591548710610488,ns,0.03527401505666283
BGENE_1196,-0.08416602,0.8390651,0.88947177,0.381032196410548,0.4190383258134457,0.8594711197230406,ns,0.03526878817611223
LAMP3,0.090652764,0.9594819,0.9010472,0.40873880609353386,0.38855412795459954,0.8620150567877691,ns,0.035223505601899525
BGENE_1089,-0.082129724,1.2422225,1.3149915,0.3744484930772085,0.42660791283971694,0.8558822698907622,ns,0.035037190275856125
BGENE_1178,0.05302384,1.6816463,1.6209623,0.21921383855945287,0.65913203312424,0.7430977578286537,ns,0.034949712275345525
BGENE_708,0.07026019,1.7067333,1.6256058,0.32147070678936207,0.4928585949305658,0.8242838635624669,ns,0.03462833826352812
BGENE_644,-0.17750862,0.12504055,0.14141214,0.6383104041185064,0.19496807674451402,0.9398435398063898,ns,0.034608514716438984
BGENE_22,0.05852772,1.2508086,1.2010808,0.25717708652884286,0.5897677279615707,0.7852735466529552,ns,0.03451775999273122
BGENE_799,0.100466006,0.9825709,0.91647494,0.4584180712923601,0.3387382703865266,0.8844078545833314,ns,0.0340316809371127
BGENE_119,0.080990374,0.962497,0.90995276,0.38588621517176436,0.4135407352450454,0.8559398488098285,ns,0.03349281884824163
BGENE_386,0.031696323,2.9860144,2.9211264,0.08839295437144526,1.0535823503664297,0.5672275146830712,ns,0.03339468680604431
BGENE_1177,0.0800711,0.90386087,0.8550623,0.3856542747630718,0.41380185036207184,0.8601954083934686,ns,0.03313356896913813
BGENE_645,0.051107023,2.4409719,2.3560147,0.22833683691906703,0.6414240193895256,0.7611227897302235,ns,0.03278127205480516
BGENE_1060,0.07041318,1.4425539,1.3738381,0.3456470985245811,0.4613670843769554,0.8262480442818672,ns,0.032486323417872484
BGENE_535,0.026943985,3.2241254,3.16447,0.06294252968630568,1.2010558065971546,0.4904612702829014,ns,0.03236123008484833
BGENE_325,0.06705714,1.3527117,1.2912759,0.3292551846358681,0.4824673776690786,0.8248564124489389,ns,0.03235288257254487
BGENE_1079,0.066595584,1.1990794,1.1449872,0.3317991946849699,0.47912467239332845,0.8277734586735215,ns,0.03190758744068941
CD177,0.07932462,0.83452743,0.7898807,0.39698080902224686,0.4012304875371185,0.8598862289290545,ns,0.031827455146577706
BGENE_226,0.06821114,1.1602575,1.1066767,0.3420320722922543,0.46593316831089415,0.8274969490941637,ns,0.031781831758189744
BGENE_478,0.09206043,0.54556006,0.5118345,0.45364364015993797,0.343285173319284,0.8880462776377253,ns,0.03160298129936818
BGENE_943,0.03573176,2.2562852,2.2010891,0.1306299854997666,0.8839571213584927,0.650439761824564,ns,0.031585342758065967
BGENE_385,-0.04921248,1.4760442,1.5272629,0.229228159518438,0.6397320325498814,0.7598723519948222,ns,0.03148280102571897
BGENE_627,0.15701905,0.12896699,0.11566733,0.6333162712446709,0.19837935387857628,0.9394060883728123,ns,0.031149337473206123
BGENE_137,-0.05249522,1.605106,1.6645864,0.2554150117115346,0.5927535811842259,0.7858923437277987,ns,0.031116728946703868
BGENE_49,0.10160193,0.57831633,0.53898937,0.49728723795269725,0.3033926860680769,0.8880129249155307,ns,0.030825281988974138
BGENE_514,0.037672956,1.8768508,1.8284752,0.15218630259740915,0.8176244341229872,0.6714101585179816,ns,0.030802328957424605
BGENE_1000,0.019828577,2.70526,2.6683328,0.029040823556608097,1.5369910718211541,0.35926792028793525,ns,0.030476345192808486
KLRF1,-0.07777276,0.80235916,0.84679985,0.4066393412332737,0.39079060687358474,0.8590971997886064,ns,0.030392863649201376
BGENE_1052,0.08063506,1.0202191,0.9647612,0.4214382223424715,0.37526607860062694,0.8644886612153262,ns,0.03025960402114293
BGENE_388,0.052606024,1.9352301,1.8659354,0.2688160142911965,0.5705448624369254,0.7887022424191584,ns,0.03001409663974318
BGENE_957,0.0698357,1.3980732,1.3320093,0.3721525486076602,0.4292790024884381,0.8538873008206354,ns,0.029978999674734476
BGENE_754,0.026540328,2.4320438,2.387712,0.0749215323220174,1.12539334885965,0.5257651391018765,ns,0.029868308402033448
BGENE_269,0.055451915,1.1698871,1.125774,0.28966155871689203,0.5381091366390982,0.8046154408802556,ns,0.02983918192702719
BGENE_1175,0.025257021,3.0901308,3.036503,0.06641695391578022,1.1777210463513592,0.5012600295530583,ns,0.029745725422116568
FLT3,0.08102777,0.4143945,0.39176184,0.43111764160816257,0.3654042051760008,0.8694809578652019,ns,0.029607887365039345
BGENE_321,0.047849476,2.596359,2.5116587,0.24067756015883923,0.6185643997685638,0.7681198728473593,ns,0.029597982609904254
BGENE_1128,0.049788903,2.1801407,2.1061852,0.2555216384082978,0.5925723164944089,0.7842096319436249,ns,0.029503525850123315
BGENE_255,0.06671004,1.7123003,1.6349263,0.36148910922838584,0.44190478238954334,0.8455885595985634,ns,0.029479485697580743
BGENE_1199,-0.09300915,1.4413942,1.5373803,0.48320338623220693,0.315870030891873,0.8812219809705901,ns,0.02937880356332649
BGENE_43,-0.023939649,3.6049376,3.6652558,0.059619596356556705,1.2246109686038493,0.48669058250250374,ns,0.029316756312906634
BGENE_281,-0.060195286,1.0008208,1.0434626,0.32822991815622604,0.48382183553773817,0.829212424815729,ns,0.029123793679499937
BGENE_246,-0.076437205,1.5430671,1.6270268,0.4168621312947969,0.3800075553814687,0.8714887762260561,ns,0.02904671544120546
BGENE_1112,-0.08543685,0.53859556,0.57145476,0.4575013452453899,0.33960762458815436,0.8840605705224924,ns,0.029015005947797063
BGENE_563,0.025865454,2.7151804,2.6669347,0.07634952295813925,1.117193672128123,0.5295920667616595,ns,0.028896721788824888
BGENE_326,-0.09037413,0.53530264,0.569908,0.4802460850675553,0.3185361667900331,0.8811854771881749,ns,0.028787428001250413
BGENE_651,0.027617175,3.44777,3.382398,0.0916154622980178,1.0380312225766872,0.5696298173970019,ns,0.02866749006642203
BGENE_846,0.024938256,2.293382,2.2540793,0.07306953763194836,1.1362636407665765,0.5219252687996312,ns,0.02833643304387995
BGENE_97,0.06839157,0.9803741,0.9349834,0.3857378551159565,0.4137077387298957,0.8571952335910145,ns,0.02829412134211804
BGENE_104,0.056780744,1.0676115,1.0264091,0.3189323438595273,0.49630143545308775,0.8248250272229154,ns,0.02818036492402003
BGENE_120,0.0452009,2.454788,2.3790696,0.23801400181409849,0.6233974936504917,0.7657286921633194,ns,0.028178127299055788
BGENE_798,0.046637114,1.3058612,1.2643224,0.2494075007943547,0.6030904894917462,0.7773740284499367,ns,0.028126399993613705
BGENE_355,-0.058903307,1.0995666,1.1453896,0.33525104815890117,0.4746298556570784,0.8312009458485153,ns,0.02795726796749171
BGENE_174,0.07417822,1.247354,1.1848404,0.4203095863694538,0.37643070454636685,0.866617703854544,ns,0.02792295918052028
BGENE_900,0.04829063,1.6559821,1.6014696,0.2643808757605106,0.5777699631503479,0.7833507429941055,ns,0.02790087490309409
BGENE_24,-0.082426324,1.0184871,1.0783714,0.45923302047800285,0.3379668921784545,0.8845579848693473,ns,0.02785736872047382
BGENE_242,0.045764826,1.5539893,1.5054677,0.24826753825313375,0.6050800620772219,0.775836057041043,ns,0.027691383901136322
BGENE_249,0.031843364,3.1987379,3.1289082,0.1352773471813727,0.8687749219374271,0.6545678089421259,ns,0.027664716280735545
BGENE_993,0.061153613,2.022191,1.9382647,0.353139666912462,0.4520534969550853,0.8341881895569969,ns,0.02764470462206116
BGENE_638,0.058141723,1.0698639,1.0276048,0.3382857998718848,0.47071623208703256,0.826767738994423,ns,0.027368252907141833
BGENE_1021,0.042979874,2.5928576,2.516752,0.23184336304155118,0.6348053320980779,0.7643187792578611,ns,0.027283853008346483
BGENE_178,0.029992845,3.7814655,3.7036626,0.12333077719423209,0.9089285316954564,0.6519688662250154,ns,0.027261352484897344
BGENE_813,0.064320266,1.2854735,1.2294214,0.3779248192775493,0.4225945859307263,0.857296376433004,ns,0.02718139628151868
BGENE_482,0.040568996,2.7569845,2.6805372,0.21560806588926273,0.6663349962419101,0.741345785292594,ns,0.027032541944342892
BGENE_1144,-0.038890556,3.0229404,3.1055377,0.20232603929385062,0.6939482200770134,0.7183172992681087,ns,0.026988031767714284
BGENE_410,0.07772733,0.79344505,0.75182813,0.4508145160757907,0.3460021082645373,0.8883044651739719,ns,0.02689382098786118
BGENE_260,0.05872522,1.4762969,1.4174105,0.3500277925085815,0.4558974709242586,0.8333995059728131,ns,0.026772678921835567
BGENE_665,0.048002366,2.7426858,2.6529307,0.27734565843180203,0.5569786281765972,0.8019633496823191,ns,0.026736291950862055
BGENE_82,0.03998212,1.488819,1.4481251,0.21553989118332684,0.6664723407351608,0.7432410040804374,ns,0.026646978062200028
BGENE_749,0.06673943,1.4459401,1.3805741,0.401622237500469,0.396182248660914,0.8575563790045602,ns,0.026440978447636463
BGENE_171,0.041386772,1.4766073,1.4348495,0.23341601341543183,0.631869352663415,0.76739511259868,ns,0.02615103279907119
KLRB1,0.03222687,2.4341357,2.380365,0.1549407351475968,0.8098343877665632,0.6736553702069425,ns,0.026098428912067997
BGENE_892,-0.07635198,1.5549982,1.6395103,0.45720510649741186,0.33988892763969775,0.8849131093498294,ns,0.025951191886424203
BGENE_313,0.10662524,0.182496,0.16949457,0.5727757326119978,0.24201539051856488,0.9338734770847789,ns,0.025804948267825027
BGENE_1104,0.097573094,0.47119954,0.44038484,0.5447577088593003,0.2637966153426198,0.9168432687674057,ns,0.025739451964161896
BGENE_870,0.10759272,0.3096062,0.2873564,0.5791339082899958,0.23722100638052948,0.9378686773927057,ns,0.025523252561615924
BGENE_195,0.056080006,1.0251241,0.9860402,0.35128768385098175,0.45433707630908726,0.8347430111310458,ns,0.02547922599405225
BGENE_1050,-0.06397948,2.0359082,2.128227,0.39997469289465537,0.3979674863817837,0.8586218809903157,ns,0.025461751518457573
BGENE_418,0.059924997,1.2101083,1.1608738,0.3772363111095266,0.4233865106443775,0.8573552525216515,ns,0.02537143554503617
BGENE_466,0.04411992,1.6745596,1.624124,0.266929773089164,0.5736029827235811,0.7870165299926211,ns,0.02530731804312135
BGENE_1007,0.028056122,1.9250565,1.8879815,0.12716049221890452,0.8956477996661953,0.6549038225866327,ns,0.025128404261240477
BGENE_719,-0.076594435,0.7035601,0.7419224,0.4729189194598211,0.32521331137547477,0.8853396308140178,ns,0.02490952973474522
BGENE_669,-0.06490007,1.5940912,1.6674393,0.41733570037816314,0.37951446260661087,0.866440900439093,ns,0.02463051535193555
BGENE_1111,0.062024556,0.67236656,0.6440726,0.401647945519615,0.39615445016647066,0.8560879833455383,ns,0.024571303918760896
BGENE_750,0.041005857,1.6097087,1.5645999,0.25191759150183035,0.5987415044930786,0.7791265716551454,ns,0.024551908686146998
BGENE_1137,-0.10383679,0.36344808,0.39057142,0.5833557740094804,0.23406649916302746,0.9371177092521773,ns,0.024304713855775692
BGENE_421,-0.042287193,1.9747342,2.0334728,0.2694274799518932,0.5695581109781702,0.7885682340055411,ns,0.02408501389962287
BGENE_1142,0.055693522,1.8971963,1.8253529,0.37639251722191047,0.424359019042698,0.857060760277595,ns,0.023634048403555694
BGENE_685,-0.06386541,1.168678,1.2215755,0.42808206206388066,0.3684729700397636,0.8736368613548584,ns,0.02353267667960188
BGENE_252,0.03298434,1.9041657,1.8611248,0.1948956213537688,0.7101979179026852,0.7108654882204334,ns,0.02342540866868476
BGENE_105,0.072150275,1.59831,1.5203431,0.47413681732514634,0.3240963198543642,0.8834847527797759,ns,0.023383638640019338
BGENE_698,0.042391144,1.6280699,1.5809278,0.2813334355616519,0.5507786502841024,0.8019005289168225,ns,0.023348136932688886
BGENE_148,-0.10689218,0.33342957,0.35907236,0.6051189397860414,0.21815925375103007,0.9405993882684581,ns,0.023319518967389135
BGENE_600,-0.07294863,0.5846367,0.6149585,0.48099298201824137,0.3178612602020246,0.8812085166746406,ns,0.023187542563503704
BGENE_962,-0.055919606,1.6419352,1.706827,0.38946047633173553,0.4095366093187,0.8575276543084085,ns,0.02290112593339454
BGENE_266,0.0490698,1.7033,1.6463405,0.34180671205203295,0.46621941329890104,0.8286223322473526,ns,0.022877293125576185
BGENE_1183,0.045978576,1.6755253,1.6229684,0.32057490914125353,0.49407047215007927,0.8255147874882065,ns,0.022716656725885274
CD1C,0.029991496,2.1149871,2.0714736,0.17739444256907788,0.7510599899123465,0.6844801642536767,ns,0.022525412949347907
BGENE_140,0.08147417,0.7010417,0.6625485,0.5293282356469271,0.27627493907393214,0.9100198893643446,ns,0.022509271377373564
BGENE_1108,0.06291605,1.1709039,1.1209381,0.44165247311089006,0.3549193333117452,0.8774552445911724,ns,0.022330121765025208
BGENE_935,0.026472786,2.670132,2.621583,0.14512893363276122,0.8382459958022079,0.6621852485144999,ns,0.022190707232268545
BGENE_831,-0.07083597,1.0490454,1.1018388,0.48664034224219244,0.31279189111639033,0.8821275085961192,ns,0.02215691712238854
BGENE_358,0.023654368,3.7582123,3.6970952,0.11901015562071204,0.9244159769112847,0.6462089897957215,ns,0.021866475494691187
BGENE_10,0.060282804,1.0465045,1.0036774,0.438236974378601,0.3582909834818944,0.8750155894414662,ns,0.021598785157968557
BGENE_561,-0.08485323,0.54859924,0.58183336,0.5573075613017123,0.25390506458899487,0.924991802990394,ns,0.021544665327904087
BGENE_1157,-0.06662766,0.6328001,0.66270995,0.47518169832642976,0.32314029460283994,0.8840589736305671,ns,0.021530081326806443
BGENE_324,0.031188302,2.9130762,2.850777,0.20445724311469982,0.6893974994944514,0.7216137992283522,ns,0.021501137234466238
BGENE_165,-0.060961682,1.0393144,1.0841721,0.44409161481008963,0.3525274269526193,0.880842872350591,ns,0.0214906650213522
BGENE_29,0.032667782,2.2323997,2.182418,0.22007585497282467,0.6574276022775063,0.7439183830067313,ns,0.021476701695634006
BGENE_937,-0.069770694,0.76593506,0.80388707,0.49274620813868864,0.30737670908967585,0.8838497006971994,ns,0.021445886244689988
BGENE_952,-0.07558271,1.8002806,1.8971115,0.5212584414226586,0.28294689886020963,0.9039163724092346,ns,0.021385894219304254
BGENE_1099,0.028405901,3.603717,3.5334556,0.17713909871803646,0.7516855693385815,0.6879188299729572,ns,0.021352305899290942
BGENE_411,0.021297885,4.157542,4.096617,0.10012004100523647,0.9994789811938155,0.5860685327135794,ns,0.021286788506342177
BGENE_340,0.07495399,0.75169075,0.7136344,0.5212100336412391,0.28298723242015833,0.9051404346881142,ns,0.02121102167800505
ZEB2,0.0501587,1.9277617,1.8618901,0.378060472112948,0.4224387276642456,0.855985974595354,ns,0.021188978185339085
BGENE_965,0.06099766,1.0813603,1.0365931,0.4504292601370591,0.34637340522750976,0.889005118691564,ns,0.021127967621847633
BGENE_880,0.07580098,0.48389667,0.45912847,0.5264392918332472,0.2786517037604835,0.908959928345175,ns,0.021122071568131732
BGENE_1038,0.034055885,2.9247806,2.8565474,0.24081286919745304,0.6183203078124804,0.7665131115038293,ns,0.021057445251205145
BGENE_1091,0.06694255,0.90893143,0.8677196,0.48476308574759086,0.3144704586984268,0.8813874286319834,ns,0.02105145448102761
BGENE_874,0.05192283,1.3432605,1.2957759,0.393756588754391,0.404772166063971,0.8591052845550349,ns,0.021016917049049726
BGENE_262,0.058316153,1.5298282,1.4692231,0.4361709387058301,0.36034327406256456,0.8723418774116602,ns,0.021013833338015136
BGENE_951,-0.057459455,0.79959095,0.83207965,0.43089198910029824,0.36563157999349805,0.8704888668692894,ns,0.021008991311172443
BGENE_1032,0.054505784,1.1767008,1.1330737,0.41361055678491054,0.38340838506178476,0.8662001189212787,ns,0.020897974644708318
BGENE_45,-0.025036264,1.6950699,1.7247425,0.1464023477599518,0.8344519587215041,0.6579880798200082,ns,0.020891559709887483
BGENE_1065,0.07685848,0.35844058,0.3398446,0.536402605365026,0.2705091214004047,0.916927530538506,ns,0.020790920777453287
BGENE_980,-0.061066817,1.453503,1.516348,0.45691010641774377,0.34016923565645185,0.8857708040408603,ns,0.02077305263030958
BGENE_526,0.045736335,1.3175986,1.2764832,0.35203721341036687,0.4534114253726219,0.8348708618427673,ns,0.020737376942491993
BGENE_704,0.040809426,1.2854915,1.2496383,0.31115873849687203,0.5070179979008471,0.8152630702974814,ns,0.020691113697552742
BGENE_702,0.046906337,2.4928548,2.413108,0.3623084328896974,0.44092155745086137,0.8458562635557137,ns,0.020682015226961708
FCGR3B,0.04352081,1.7653743,1.7129147,0.33641584167322924,0.47312356165748426,0.8289507392358831,ns,0.02059071979121598
BGENE_511,-0.05408587,2.097301,2.1774201,0.4173356885207199,0.3795144749458913,0.8679425064555699,ns,0.020526370305354872
BGENE_232,0.07637004,1.1605353,1.1006993,0.5392567510503739,0.26820440918216915,0.9178838315751044,ns,0.02048278094572119
BGENE_1084,0.040606618,1.7558739,1.7071414,0.3141187217307442,0.5029061785265204,0.8194401436454196,ns,0.020421319044831302
BGENE_1164,-0.0691167,0.8086171,0.8482994,0.5107084872673591,0.2918269247120095,0.8999268498103243,ns,0.020170113048694673
BGENE_131,0.019641118,4.2927365,4.2346907,0.09499767198026206,1.0222870374323547,0.5757434665470428,ns,0.020078860458973117
BGENE_201,-0.069117144,1.5098389,1.5839336,0.5128197561643568,0.29003525215559756,0.9010010357206855,ns,0.020046408215861254
BGENE_582,0.036439598,1.7642282,1.7202253,0.28247407011013315,0.5490214123575856,0.7975738450168465,ns,0.020006119343749986
BGENE_335,0.078281134,0.4991413,0.47277936,0.555442936340889,0.25536055185406265,0.9244542629806752,ns,0.019989913671716375
BGENE_804,-0.08971988,0.27561662,0.29330122,0.6023739222532322,0.2201338377148362,0.9399853143093351,ns,0.019750380765604838
BGENE_379,0.03807083,2.00109,1.9489745,0.3030042087113025,0.5185513391300369,0.8152579606582131,ns,0.01974168062907122
BGENE_432,0.038920496,1.3713715,1.3348697,0.31276621948861594,0.5047801593267675,0.8176894627153358,ns,0.019646293999883786
BGENE_150,-0.08435254,0.39349216,0.4171851,0.5862020926497977,0.23195263553143264,0.9366744489743772,ns,0.019565793500456816
BGENE_28,0.027845943,2.8628175,2.8080912,0.20114868912162465,0.6964827933641587,0.7162564597802658,ns,0.019394220405913733
BGENE_612,0.04449051,1.8645129,1.8078917,0.3703760356691579,0.4313571211081895,0.853073402692878,ns,0.01919129776464596
BGENE_166,0.07560564,0.9922833,0.94162095,0.5598112182504804,0.2519584028054337,0.9253077987611247,ns,0.019049475875506303
BGENE_1059,0.036727164,2.0620105,2.0101798,0.3048604644807493,0.5158988930211145,0.8147718427102433,ns,0.018947503220795667
BGENE_1064,0.093494296,0.34815398,0.32630724,0.6296687513398229,0.20088785895682892,0.9363104109142348,ns,0.018781868962964354
BGENE_862,0.0265253,3.9713175,3.8989685,0.19880904773753283,0.7015638548830195,0.7121518127911624,ns,0.01860919171721885
BGENE_916,0.022800742,3.0244899,2.9770658,0.1554291019332957,0.8084676623320881,0.6733390697471294,ns,0.01843366235555805
BGENE_725,0.060003858,0.9103356,0.8732499,0.4934917259765351,0.3067201244388378,0.8838657778684211,ns,0.01840439081086458
BGENE_847,0.037066635,1.7854141,1.7401264,0.3195213791747509,0.4955000778905885,0.8245713010961313,ns,0.01836652040299504
BGENE_396,0.037697084,1.6592892,1.616494,0.32794186905260336,0.4842031324684959,0.8302325798800085,ns,0.018253046277842327
CD68,-0.063312374,0.675842,0.7061616,0.5160632142785275,0.287297096956448,0.901420461621882,ns,0.018189461267533017
BGENE_902,0.045150395,1.3797228,1.3372118,0.4004553409504312,0.397445909692693,0.8581185877509241,ns,0.01794484000563778
BGENE_453,0.02192205,2.097785,2.0661497,0.15434218411778144,0.8115153582807733,0.6759511713187508,ns,0.017790080295657453
BGENE_539,0.05686755,0.9903521,0.9520741,0.4874936775428579,0.31203101242914577,0.8823414978151274,ns,0.01774443953115951
BGENE_172,0.043425687,1.6797776,1.629969,0.39205942751375344,0.4066480985786285,0.8585242938257375,ns,0.017658972908714717
BGENE_787,-0.09007204,0.42130443,0.44844633,0.6379326575625686,0.1952251645274264,0.9404412642200028,ns,0.017584329460864197
BGENE_664,0.044378944,1.7261022,1.6738137,0.4040575085657033,0.39355681836637646,0.8596968267355389,ns,0.01746563590129493
BGENE_377,0.046080023,1.0280807,0.9957623,0.41917099518109213,0.3776087762834101,0.8657576492552677,ns,0.01740022111513822
BGENE_1188,0.05289453,2.1944997,2.1154983,0.47131734405444947,0.3266865782998884,0.8851029935294825,ns,0.017279932675165578
BGENE_254,0.0293029,2.9922066,2.9320443,0.26032367651455957,0.5844863308842029,0.7868725738475352,ns,0.01712714488930799
BGENE_320,0.05493514,1.4664214,1.4116324,0.48798064181558964,0.31159740611086045,0.8818927261727523,ns,0.01711764671471954
BGENE_228,0.020215124,2.1371698,2.1074326,0.14510875007365515,0.8383063987674406,0.6646202293449854,ns,0.01694646771039803
BGENE_1085,-0.07942825,0.3402,0.3594551,0.6141221638249047,0.21174522853680888,0.9375910898090148,ns,0.016818552547786827
BGENE_1171,0.06724544,0.5667807,0.54096866,0.5638050615336759,0.2488710295884351,0.9268028408772756,ns,0.016735441563139174
BGENE_456,0.049493957,1.8506535,1.7882407,0.46017461627395606,0.33707734115671395,0.8835352632459957,ns,0.01668329153368713
BGENE_200,-0.04538975,1.4156464,1.4608933,0.42903468211011864,0.36750759909678793,0.8696648961691593,ns,0.01668107771892796
BGENE_949,-0.06419559,0.6041132,0.6316015,0.5549038110266391,0.25578229248236295,0.9261259711153921,ns,0.016420094725001163
BGENE_1086,-0.039231326,2.2263448,2.2877166,0.38630753737528223,0.413066818107941,0.8552934406832817,ns,0.016205159179022002
BGENE_412,0.042768855,1.7683351,1.716682,0.41916190788983676,0.37761819154179577,0.8672315335651795,ns,0.016150297546444422
BGENE_208,0.046944294,0.92274,0.89319783,0.453582116332526,0.3433440769793715,0.8893766986912275,ns,0.016118045335741904
BGENE_80,-0.053997844,1.350674,1.4021857,0.5035266236825828,0.2979775614306263,0.8925139563059075,ns,0.016090146013993757
BGENE_726,-0.022095177,2.9427104,2.9881256,0.19236378639416274,0.7158766830751112,0.7080875572791266,ns,0.015817422253678
BGENE_400,-0.045937642,2.272674,2.346204,0.453854706643535,0.34308315639855547,0.8870124559808501,ns,0.015760431371004344
BGENE_679,0.04957223,1.2541411,1.2117796,0.484192995456154,0.31498149753935856,0.8816867899049845,ns,0.015614335048170322
BGENE_86,0.054366007,1.499583,1.4441247,0.5198997053748131,0.28408042867938293,0.9041734006518488,ns,0.015444318701199241
BGENE_1053,-0.0374875,2.3930223,2.4560184,0.38759663147542156,0.41162000597110093,0.8565671413821471,ns,0.015430604733403897
HLA-DQB1,-0.033957824,1.3878012,1.4208544,0.3566508206822775,0.44775677229554967,0.8391784016053587,ns,0.015204845718114549
BGENE_447,0.044017166,1.4638422,1.4198543,0.4521503381713119,0.34471714000606707,0.8894760750911054,ns,0.01517347153997126
BGENE_996,0.046542697,1.2929387,1.2518929,0.4737743628996187,0.3244284437239917,0.8841823257846694,ns,0.015099774642433497
BGENE_992,-0.077507965,0.28707784,0.30292282,0.640666783911716,0.19336779190918585,0.9398534727311237,ns,0.014987544098996532
BGENE_78,0.06513933,0.40050828,0.38282698,0.5899249823376613,0.22920321179549896,0.9363888608534308,ns,0.014930143861889195
BGENE_850,0.0705881,0.9098955,0.8664477,0.6144727362579747,0.21149738170411958,0.9369342865432906,ns,0.014929197689959746
BGENE_1081,0.06749164,0.5968095,0.56953275,0.6018731160537374,0.2204950549311769,0.9416528543213623,ns,0.014881573559516564
BGENE_136,-0.06559401,0.67867,0.7102389,0.5937553435284035,0.22639246889641249,0.9399820741874462,ns,0.014849989881182305
BGENE_452,0.06880419,0.50659233,0.48299924,0.6090484281052531,0.21534817333973094,0.939406315843578,ns,0.014816856540469032
BGENE_611,0.082443394,0.5676921,0.5361606,0.6626728464272289,0.17870082462305975,0.9444268595162407,ns,0.014732702450865087
BGENE_72,0.04749939,1.6646731,1.6107577,0.49015312147130796,0.3096682272738166,0.8818347012977056,ns,0.014709051419866621
BGENE_585,0.036171935,2.1606042,2.107106,0.3930745145789548,0.4055251132303558,0.8591792668392455,ns,0.014668628238877301
BGENE_691,-0.03652875,1.2837851,1.3167053,0.39915783554838813,0.3988553410214473,0.8584039474158884,ns,0.014569687538534389
BGENE_1102,-0.058439292,0.50249577,0.5232683,0.5633802757649018,0.24919836195871795,0.9273749395307026,ns,0.014562975843827564
BGENE_398,0.047754142,1.738095,1.6815046,0.49786180532508617,0.30289119040022056,0.8877179292572116,ns,0.014464309048195702
BGENE_235,-0.030449938,3.0153978,3.079718,0.3350638341951928,0.4748724461041301,0.8324567309197337,ns,0.01445983655557454
BGENE_832,-0.052383482,1.6757407,1.7377042,0.5298454810564251,0.27585076532141234,0.9096059760625325,ns,0.014450023725745553
BGENE_1123,0.09719821,0.41426468,0.3872739,0.7123423490653744,0.147311235890318,0.9508462946367623,ns,0.014318388538157544
BGENE_579,-0.054226663,2.1483014,2.2305865,0.5451612713296135,0.263475004351059,0.916237430806073,ns,0.014287370260285499
BGENE_636,-0.043306757,1.3120903,1.3520737,0.4709123777988595,0.3270598940994436,0.8871190790559363,ns,0.014163903281236904
BGENE_330,0.06286122,0.95662904,0.9158417,0.5974314571722816,0.2237119137763151,0.938374016500966,ns,0.014062803615652103
BGENE_730,0.032461636,1.3393201,1.309521,0.37057941807120554,0.43111870500180166,0.8519067082096679,ns,0.013994818374718611
BGENE_656,-0.056745984,0.9965515,1.0365304,0.5691043153530574,0.2448081212500219,0.9316851001687161,ns,0.01389187764834317
BGENE_336,0.0261374,1.8027136,1.7703477,0.29484109654835433,0.5304119822775655,0.8133547490989085,ns,0.013863590367569649
BGENE_1150,-0.03745617,1.2436653,1.276377,0.4322770829103618,0.36423778789773503,0.8703565427725405,ns,0.013642952403561035
BGENE_830,0.01824807,3.5547795,3.5100996,0.17950418127904266,0.7459254307332054,0.6860032405568509,ns,0.013611699498225095
BGENE_25,-0.066864796,0.48417094,0.5071391,0.6264492474455363,0.20311410814498482,0.9361632589472523,ns,0.013581183402350438
BGENE_898,0.023234388,2.848163,2.8026612,0.2606063672046157,0.5840149776946202,0.7837785479838068,ns,0.013569230507632082
BGENE_1008,0.05796975,1.866822,1.7932973,0.5845335777035869,0.23319053635408968,0.9377544027330272,ns,0.01351799685552319
BGENE_890,0.018559488,1.9845817,1.9592147,0.18715736092893376,0.7277930873422322,0.7040402291997507,ns,0.013507466733715091
BGENE_487,-0.05010055,0.95195967,0.98559916,0.5380220149684769,0.2691999533601602,0.918387507769804,ns,0.013487065738260008
BGENE_217,0.014673157,3.3752751,3.3411202,0.12075587037867642,0.9180917474410853,0.6469064484571951,ns,0.013471304041922403
BGENE_775,0.02894255,1.6055455,1.5736568,0.3427145102741178,0.46506750747975345,0.8274797028751335,ns,0.013460239403137933
BGENE_746,-0.039276745,1.2355522,1.2696517,0.4543692256618944,0.3425910909806245,0.886574098852477,ns,0.01345586297807984
BGENE_1101,0.059371527,0.35951757,0.34502253,0.5958280610654776,0.2248790471449508,0.9395449057537096,ns,0.013351412483252672
BGENE_982,0.01726413,4.649661,4.5943522,0.1735297462638552,0.760626068245226,0.6827399853004139,ns,0.013131547014736228
BGENE_924,0.045315903,1.9579655,1.8974204,0.5175897815164598,0.2860143062860744,0.9027728747380114,ns,0.012960996468792825
BGENE_414,-0.031014327,1.701652,1.7386293,0.3829822022704453,0.41682140784686716,0.862248860646406,ns,0.012927435426827059
BGENE_117,-0.052133467,1.2471695,1.2930616,0.5656408742423045,0.24745921516502373,0.9285486307671209,ns,0.012900906839630324
BGENE_720,0.054863285,1.6332859,1.5723408,0.5851505863073637,0.23273235547927576,0.937490925993106,ns,0.012768461610989717
BGENE_4,-0.06831719,0.5252918,0.5507648,0.6509120620536564,0.186477680471013,0.9399452159619587,ns,0.012739631092562797
BGENE_688,-0.03633826,2.3114798,2.3704402,0.44627233217555207,0.3504000375510402,0.8837075884664397,ns,0.012732927155087732
BGENE_77,-0.060391106,0.8356617,0.871385,0.6161206689183689,0.2103342217428218,0.9358794970911932,ns,0.012702316220008444
BGENE_248,0.04382949,1.6585737,1.6089435,0.5148185410413177,0.2883458204954458,0.9005572146495353,ns,0.012638050111580985
BGENE_568,0.054558944,0.95966375,0.9240494,0.5871829828251569,0.23122653921634315,0.9345087259816821,ns,0.012615475794496426
BGENE_399,-0.05686298,0.9911088,1.0309529,0.6003701549184783,0.22158090516357443,0.9405276578357363,ns,0.012599750606913145
BGENE_1163,0.021412438,3.3056026,3.2569032,0.26230567603122523,0.5811923116118225,0.7849546414899509,ns,0.012444744211585637
BGENE_1094,-0.053909738,1.1423626,1.1858573,0.5877606763891721,0.23079947338159867,0.9341891545258364,ns,0.01244233905209239
BGENE_79,-0.05961139,0.3722729,0.38797727,0.6199438826342147,0.2076476210909711,0.9357643511459846,ns,0.012378163588409622
BGENE_490,0.017195474,3.6297445,3.5867383,0.19100295950035218,0.7189599035129292,0.7118122714298839,ns,0.012362856584145657
BGENE_875,0.056949057,1.0121741,0.97299767,0.6078886555617438,0.21617596135796224,0.9412469505472162,ns,0.012311017077302661
BGENE_617,0.08540973,0.50480676,0.4757888,0.7178062427341756,0.1439927689434102,0.952840145222357,ns,0.012298383614292613
BGENE_819,0.018868292,2.4351573,2.4035165,0.22336207876905367,0.6509905571795686,0.7507969034253905,ns,0.012283079759717376
BGENE_467,0.033351414,1.3087316,1.2788241,0.4285999886830776,0.367947844761472,0.873208805466372,ns,0.012271580866320879
BGENE_197,0.028881358,3.0445812,2.9842377,0.37635411047848066,0.42440333630999655,0.8586025334109825,ns,0.01225734468504445
BGENE_911,0.036599737,2.0746512,2.0226815,0.46539840224542295,0.3321751120187503,0.8864731471341389,ns,0.012157521625131068
G0S2,-0.020502409,1.7836426,1.8091713,0.2644705224372145,0.5776227268661327,0.7816862732134419,ns,0.011842657374509371
BGENE_780,-0.05940851,0.19149908,0.19954945,0.6343966047137147,0.19763915002532662,0.937531928148347,ns,0.011741447073058756
BGENE_590,0.049875297,0.8534208,0.8244214,0.5825895235016287,0.2346373293999779,0.9371413246674993,ns,0.01170260640953133
BGENE_1159,0.057270415,0.6215611,0.5973704,0.626058054408729,0.20338539276347314,0.9367452185666768,ns,0.011647965874388462
BGENE_562,0.061400037,1.4342489,1.3744891,0.6478168829239612,0.18854773791711812,0.9400003137953489,ns,0.011576838133185474
BGENE_115,0.03293912,2.34023,2.287404,0.4470578901841179,0.34963623579501907,0.8838047252404309,ns,0.01151671032128543
BGENE_1051,0.035486452,1.7676945,1.7247443,0.47566311749315626,0.3227005220932175,0.88358473837738,ns,0.011451496678468053
BGENE_157,0.022040956,3.3677833,3.3167226,0.30853763292457226,0.5106918566722353,0.8155179724878562,ns,0.011256136600668258
BGENE_647,-0.06478342,0.46229216,0.48352432,0.6710245729598918,0.17326157564996494,0.9428916716064054,ns,0.011224476851427734
BGENE_363,0.02835666,1.5693742,1.5388288,0.404813164230271,0.3927453729972954,0.8582611255765464,ns,0.01113694707049214
BGENE_339,-0.030629903,2.2982433,2.347559,0.4332383114500111,0.3632731455009205,0.8693745380267782,ns,0.011127021237562167
BGENE_434,-0.017842496,3.0654228,3.1035697,0.23868114361377946,0.6221818899499273,0.7658218511672067,ns,0.011101277766956906
BGENE_8,0.01565342,2.085671,2.0631635,0.19565349678245014,0.7085123858427711,0.7071813136715065,ns,0.011090642120620133
BGENE_53,0.02856626,2.5128765,2.4636095,0.4093879426321778,0.3878649524048837,0.861869352909848,ns,0.011079851032928646
MSR1,0.0337026,1.5171477,1.4821165,0.4708217138206683,0.3271435161450038,0.8883428562654119,ns,0.011025587311718292
BGENE_413,-0.057352792,0.74375355,0.7739163,0.6435312640320796,0.19143034935510242,0.940605988841042,ns,0.010979065099338124
BGENE_143,0.07119981,0.46273866,0.44045594,0.7025090826463352,0.1533480564510888,0.9461401786482628,ns,0.010918352789120685
BGENE_1180,0.033856492,1.2905583,1.2606248,0.4765045698106305,0.32193293000147116,0.8810562153663429,ns,0.010899519826742114
BGENE_710,0.026202593,2.5286784,2.4831665,0.38449550114352393,0.4151087373709323,0.8624198156490256,ns,0.010876925295552661
BGENE_188,0.037987415,1.8205446,1.7732337,0.5177482319252353,0.28588137551789944,0.901738575196346,ns,0.010859894380377542
BGENE_389,-0.054747023,1.189541,1.2355489,0.6336932117215892,0.19812094511974357,0.9376471690085166,ns,0.010846531877515638
BGENE_972,0.040311966,1.7471906,1.6990461,0.5410655609188411,0.26675010823873535,0.9183573876981743,ns,0.010753221318195692
BGENE_236,0.049700674,1.9916655,1.9242212,0.6086352290961352,0.21564291336586858,0.939977187793259,ns,0.010717598066353822
BGENE_103,0.027645182,1.228358,1.2050442,0.41069842273601087,0.38647696502646034,0.8631140232630702,ns,0.01068422598459652
BGENE_23,0.023974264,3.2017012,3.1489358,0.3589859217144097,0.44492258273542223,0.8413732540181477,ns,0.010666691476119965
BGENE_1056,-0.036616772,2.3503742,2.410792,0.5114030498148521,0.2912366863335167,0.8998294131639627,ns,0.01066414746186456
BGENE_886,0.1313513,0.2845224,0.25976202,0.8295407366604493,0.08116228200557644,0.9711696429195503,ns,0.010660771823334537
BGENE_1151,-0.056135233,0.8484524,0.8821164,0.6470188110101183,0.18908309274840226,0.9422604043836674,ns,0.010614223560756607
BGENE_861,0.046372168,0.8060053,0.78050995,0.5913046288515613,0.2281887212430351,0.9373389096722241,ns,0.010581605663812528
BGENE_897,0.019150725,3.404732,3.3598354,0.29496388069319157,0.5302311615676835,0.8118271945684172,ns,0.010154310967828716
BGENE_438,0.02444611,1.802468,1.772183,0.38569062296226786,0.4137609197164004,0.8586804221794461,ns,0.01011484467150741
BGENE_394,0.026730776,2.0317957,1.9944965,0.42081709560664615,0.37590662537328307,0.8661758400136799,ns,0.010048275737041564
BGENE_792,0.033643626,0.916251,0.89513123,0.5038390280174654,0.2977081945271932,0.8917504920663104,ns,0.01001598305753881
BGENE_701,0.038459722,2.4881496,2.4226964,0.550519821232966,0.2592270398218724,0.9226589182675408,ns,0.009969799874164681
BGENE_574,-0.14643982,0.084857024,0.09392281,0.8553142777677689,0.06787427822926524,0.9701107120239344,ns,0.009939497122363203
BGENE_697,0.019917462,1.7944992,1.769895,0.31760832518504944,0.498108122320063,0.8267461826942719,ns,0.009921049608717486
BGENE_1161,0.015711602,2.1494842,2.1262023,0.23628976934104973,0.6265550816469962,0.766345197862864,ns,0.009844183963370959
BGENE_122,0.019706264,2.8078055,2.7697136,0.31780979618043936,0.49783272021379166,0.8254799900790633,ns,0.00981042308118242
BGENE_484,-0.036042165,1.6114916,1.6522578,0.5346113335570589,0.2719618386039535,0.915169187258874,ns,0.009802093463704203
BGENE_721,-0.053148773,0.8740452,0.90684545,0.6548144882830045,0.1838817200485035,0.942179119831661,ns,0.009773087718180569
BGENE_349,-0.06482416,0.9174619,0.95962614,0.7077831108393666,0.15009980473435994,0.9489829419075306,ns,0.009730093227187844
BGENE_522,0.03441513,1.5223006,1.4864162,0.5223178856746862,0.28206510240955734,0.904446555280842,ns,0.009707307047207547
BGENE_483,0.0453584,0.9987105,0.9677995,0.6131667615669487,0.21242139533642698,0.937324985834826,ns,0.00963509478644078
BGENE_1033,0.050492536,1.0860333,1.0486809,0.6452360456663773,0.19028137904387282,0.9419504316297478,ns,0.00960778943413021
BGENE_917,0.040071115,0.8703634,0.84652156,0.5761175428865721,0.23948890022419866,0.9367764924984913,ns,0.009596587237614373
BGENE_164,0.05206202,0.35762706,0.34495154,0.6551635951546728,0.18365024260095494,0.9415524720785717,ns,0.009561202549260798
BGENE_517,0.059038587,0.31825435,0.30549344,0.6933288445884119,0.15906073145419972,0.9454484244387436,ns,0.009390720818648971
BGENE_284,0.04357187,0.7732815,0.7502762,0.6101361347369628,0.21457325356497392,0.937469093065756,ns,0.009349358075896362
BGENE_196,0.054667905,1.428776,1.3756484,0.6769568600486244,0.1694390064105565,0.9434938816008703,ns,0.009262875501176939
BGENE_878,0.031638447,1.969702,1.9269764,0.5132841827410681,0.2896421186617272,0.8991839697653747,ns,0.009163826876811415
C1QA,0.055529863,1.5919726,1.5318613,0.6845358028642728,0.16460383229294476,0.9496450444359855,ns,0.009140428197621467
BGENE_465,0.02194983,1.216085,1.1977229,0.38448079881051833,0.41512534423409986,0.8640017950798166,ns,0.009111930541055436
BGENE_156,0.018791733,1.687931,1.6660874,0.3282312021883178,0.48382013658547807,0.8274736189621457,ns,0.00909181897654141
BGENE_357,-0.014464726,3.5877569,3.6239092,0.23524509968193008,0.6284794144608029,0.7650247144127806,ns,0.00909078236357089
BGENE_929,0.07591666,0.15380721,0.14592287,0.7602802602844545,0.11902628527390209,0.9674828338720525,ns,0.009036078364931475
CADM1,0.037906166,1.4198307,1.3830111,0.5789653130606264,0.23734745492130685,0.9388626698280428,ns,0.008996932065340184
BGENE_1049,-0.040375978,1.2631686,1.2990196,0.5986491791795663,0.22282760863015166,0.9390575359679472,ns,0.008996882569160135
BGENE_769,0.044492844,0.6693003,0.64897406,0.6293648419373707,0.20109752163739864,0.9381836153103663,ns,0.008947400757979007
BGENE_958,0.014241017,4.171042,4.1300716,0.23656253802460736,0.6260540290121679,0.7651618480580291,ns,0.00891564632126518
BGENE_383,0.03344737,1.2974317,1.267698,0.5415078784742846,0.2663952203811964,0.9178099635157366,ns,0.008910219484507131
BGENE_469,-0.034536183,2.3296387,2.38608,0.5529678800718477,0.2573000945771938,0.9241803009557343,ns,0.008886163121462598
BGENE_342,-0.048026573,0.4338083,0.44849265,0.653641083531523,0.18466065875486368,0.9427515627858505,ns,0.008868618591840412
BGENE_74,0.0229971,1.2509288,1.2311466,0.41234452501228314,0.3847397674952711,0.8650584440817128,ns,0.008847898870979268
BGENE_910,-0.050653353,1.5808839,1.637375,0.6691508724802839,0.1744759514423332,0.943573498209566,ns,0.008837792016602416
BGENE_588,0.048704043,0.8134227,0.78642064,0.664660433055521,0.17740017381667028,0.9450148337282289,ns,0.008640105699227657
BGENE_181,-0.05012343,0.623901,0.6459581,0.6724729581081268,0.17232517508845246,0.9416190778643548,ns,0.008637528986665121
BGENE_614,0.019512173,1.9902328,1.9634964,0.36278618056025924,0.4403492646679815,0.8436887920006029,ns,0.008592170939438426
BGENE_477,-0.048573427,1.5593741,1.6127698,0.6663562973772507,0.17629349363950625,0.9451862374145399,ns,0.008563179126648618
BGENE_921,0.03894661,1.3462106,1.3103548,0.6043108123482266,0.2187396352713801,0.9405615756392632,ns,0.008519167254230265
BGENE_19,-0.04425477,1.2545464,1.2936261,0.6432457554888737,0.19162307083676436,0.9413352519349372,ns,0.008480234665929575
BGENE_882,-0.042790152,0.8690268,0.8951881,0.6362785939937536,0.19635268727260738,0.9391565963007433,ns,0.008401961360022253
BGENE_1172,-0.035407506,1.9672967,2.0161767,0.5820527762955858,0.23503763491233298,0.9375346732277893,ns,0.00832209645180705
BGENE_1027,-0.04501638,0.63210624,0.6521408,0.6557996541382081,0.18322881670890329,0.9413392164663273,ns,0.008248297703563622
BGENE_51,-0.05068043,0.71723884,0.74288255,0.6893963559645866,0.16153101653099333,0.9476238569959953,ns,0.008186461173141906
BGENE_961,0.046546195,1.4520519,1.4059514,0.6680915929507055,0.17516399323371135,0.9431881312245255,ns,0.008153217333903902
BGENE_1014,0.025160013,2.2539978,2.2150297,0.48289658695298054,0.31614586412279555,0.8820028985442567,ns,0.007954233977474903
BGENE_306,0.025195843,1.4867146,1.4609754,0.4862794320763417,0.3131140991849665,0.8828068358420726,ns,0.007889173561663574
BGENE_113,0.053575274,0.581064,0.55988157,0.7126906754423772,0.14709892329987997,0.9502542339231695,ns,0.007880865062527335
BGENE_1149,-0.036484037,2.4653046,2.5284443,0.6100619478487617,0.2146260629517036,0.9385568428442487,ns,0.007830425134891164
BGENE_889,0.061826024,1.7175596,1.6455091,0.7489054272615374,0.1255730221025128,0.9591104724800906,ns,0.007763680703941237
BGENE_973,-0.026306313,2.9357975,2.9898202,0.5088418076136209,0.2934172132598513,0.8992785996117011,ns,0.007718724914057043
BGENE_290,-0.047725406,0.6395404,0.6610507,0.690057800092883,0.16111453069743306,0.9463649829845252,ns,0.007689256316573092
BGENE_932,0.023590583,1.3213177,1.2998875,0.47341489843634266,0.32475807888078323,0.8848876606286779,ns,0.007661232529798243
BGENE_635,0.014953859,1.7395066,1.7215693,0.3097394463744556,0.5090034822381652,0.8151038062485674,ns,0.007611566380457587
BGENE_851,0.042774364,1.6545765,1.6062403,0.6638753525522627,0.1779134549398384,0.9450182954480608,ns,0.007610134944760036
BGENE_816,0.024447631,1.6870776,1.6587296,0.48938575664288897,0.3103486747500937,0.8831021172503261,ns,0.007587289909833622
BGENE_975,-0.03714626,1.0196389,1.0462333,0.6257751385326316,0.20358169496510295,0.9374908442436428,ns,0.00756229838903719
BGENE_229,0.014699374,3.453154,3.418149,0.3079046216772596,0.5115837922469577,0.8174458982582113,ns,0.007519961661134429
BGENE_297,-0.04316002,0.83153963,0.85679203,0.6716669149725247,0.17284604368991277,0.9426904069789821,ns,0.007460038928156155
S100P,-0.020367658,1.6882176,1.7122205,0.432399432530726,0.3641148846746386,0.8691445880014592,ns,0.007416167358467155
BGENE_869,-0.037724044,1.2538451,1.2870635,0.6387865726933952,0.1946442213163552,0.9382422120343628,ns,0.007342767203143435
BGENE_779,-0.112015545,0.18228512,0.19700235,0.860625426658282,0.06518582709583003,0.9679011358856029,ns,0.007301825972416236
BGENE_625,0.0385756,1.1540054,1.1235578,0.6470108418089728,0.18908844189952126,0.943393694010653,ns,0.007294200256793256
BGENE_1093,0.042492177,1.9486352,1.8920783,0.6761640467354999,0.16994792543581688,0.9445830687806751,ns,0.007221457385743334
BGENE_352,-0.049158208,0.9448151,0.9775634,0.7133117070794038,0.14672064815335098,0.9489734462253709,ns,0.0072125241504083495
BGENE_680,-0.038401935,1.4525586,1.4917424,0.6502338936453689,0.1869303965139756,0.9400971956318587,ns,0.007178488983105582
BGENE_153,-0.012922607,4.6903996,4.7326016,0.28179617011497315,0.5500649136724975,0.8013161235496866,ns,0.007108272903150824
BGENE_843,-0.016673211,2.3170285,2.3439617,0.38557420895914707,0.41389202373531336,0.8632258409533143,ns,0.006900909046395462
BGENE_346,0.032521162,1.6557182,1.6188127,0.6152868083994218,0.21092239598096643,0.9357974272234553,ns,0.0068594414475325795
BGENE_649,0.031730644,1.3843524,1.3542373,0.607973985367098,0.21611500338060427,0.9401659567532443,ns,0.006857468322831155
BGENE_1016,0.031071998,1.0086468,0.9871554,0.6032186277693141,0.21952525564539302,0.9400809783417883,ns,0.006821088343649137
BGENE_239,0.032968875,1.2917814,1.262596,0.6212582819242285,0.20672780868916657,0.9353951547165297,ns,0.006815583287985081
BGENE_309,-0.043294705,1.8019432,1.8568383,0.6969780662895348,0.15678088881634714,0.9482694779449454,ns,0.006787782401576798
BGENE_641,0.02639849,2.199553,2.1596715,0.5563143533433348,0.2546797347789439,0.92462219392244,ns,0.0067231602411961175
BGENE_170,0.022449093,2.4355469,2.3979418,0.5032954078201124,0.2981770321847869,0.8947473916801998,ns,0.006693803907939383
BGENE_1115,0.01940222,2.3138387,2.2829292,0.4544712778480623,0.3424935585723879,0.885333658145576,ns,0.0066451356614876085
BGENE_1152,0.06523911,0.20283909,0.1938709,0.7910719557930446,0.10178401134104763,0.9676721171780363,ns,0.00664029822040343
BGENE_272,0.048653994,0.59870493,0.5788506,0.7318642327998001,0.13556947688505427,0.9535690329639088,ns,0.006595996481812542
BGENE_138,0.020387245,2.6415613,2.6044948,0.4766832061538474,0.3217701482684464,0.8800305344378722,ns,0.006560006956524111
BGENE_1174,-0.028068319,1.8374653,1.8735641,0.5870629017408739,0.23131536312137413,0.9355584091488031,ns,0.006492633393144657
BGENE_127,0.013766672,1.4282297,1.4146659,0.33815270577405776,0.4708871331594098,0.8281290753650393,ns,0.0064825489288817045
BGENE_584,0.031130908,1.0922351,1.068919,0.6194080543215377,0.2080231517001606,0.9361330795791502,ns,0.006475949609324539
BGENE_1141,-0.035459854,1.2956495,1.3278898,0.6568672781615721,0.1825223719696894,0.9417452016653364,ns,0.006472216608618152
BGENE_365,0.024170462,1.6146147,1.5877893,0.5427872716883103,0.26537034505862306,0.916096661077317,ns,0.006414123852336644
BGENE_193,0.04722944,1.010975,0.9784146,0.7325208483775767,0.1351800102824009,0.951325777113736,ns,0.00638447605237683
BGENE_94,0.018797336,3.241979,3.2000122,0.4617474065099386,0.33559553517648255,0.8837270937989256,ns,0.006308302083888132
BGENE_667,0.04683408,2.1363163,2.0680788,0.7335917219310608,0.13454557801953101,0.9516865581808357,ns,0.006301318554505432
BGENE_21,0.03053311,1.5513524,1.5188646,0.625029466929441,0.20409950741882715,0.9375442003941614,ns,0.006231792858508284
BGENE_772,0.037872493,0.90366024,0.8802467,0.6859688781966424,0.16369558740413104,0.9483440712395979,ns,0.006199560031810274
BGENE_605,-0.021379607,2.5600622,2.5982828,0.512912574595157,0.28995665361440576,0.8998466220967667,ns,0.006199159242824318
BGENE_473,0.011698171,1.8647481,1.8496888,0.29536478631327134,0.5296412829625509,0.8092185926390996,ns,0.0061958340663977466
BGENE_705,-0.044344593,0.59504086,0.61361486,0.7275239833512297,0.13815268527619676,0.9520488331750007,ns,0.006126324578253692
FCER1A,-0.033650775,0.91265905,0.934197,0.657667841786514,0.1819933934700926,0.9395254882664485,ns,0.006124218645737872
BGENE_648,0.07995721,0.22905849,0.21670891,0.8385722175949615,0.07645953013310973,0.9685145920249796,ns,0.006113490671226683
BGENE_821,0.02278957,2.8973584,2.8519497,0.5398901068967492,0.26769463059416926,0.9176602383514151,ns,0.006100645407873401
BGENE_1181,0.03914865,0.7401862,0.7203707,0.7016314122500653,0.1538909757117408,0.9492194979707761,ns,0.0060246241099516035
BGENE_12,-0.042204935,0.9385511,0.9664133,0.7227021393141427,0.14104065969883087,0.9530138100845839,ns,0.005952611889565826
BGENE_219,-0.023306444,2.1291354,2.1638105,0.5553887139706962,0.2554029497749043,0.925647856617827,ns,0.0059525346197409155
BGENE_423,0.020300932,2.2790751,2.2472296,0.5103240930914441,0.2921539275531999,0.9005719289849013,ns,0.0059309970835666635
LILRA4,-0.04364476,0.81216043,0.8371056,0.731534174457005,0.13576538050050418,0.9541750101613108,ns,0.005925447421644582
BGENE_327,-0.04199094,0.7411392,0.7630277,0.7228656341164081,0.1409424216334125,0.9521830526231502,ns,0.00591830470370327
BGENE_560,-0.023655878,1.5135279,1.5385498,0.5623534173598037,0.2499906613549972,0.9269561824612149,ns,0.005913748681134827
BGENE_177,0.025400154,1.1925784,1.1717656,0.5852266873185158,0.23267587753835542,0.9363626997096253,ns,0.005910003189636483
BGENE_118,-0.034323234,0.8216386,0.84142065,0.6737305227071992,0.17151377691178168,0.9422804513387402,ns,0.005886907518217024
BGENE_261,0.0412158,1.4794517,1.4377838,0.7202614101463456,0.14250985304151711,0.9518873261845977,ns,0.005873657565203988
BGENE_286,0.033741746,2.8061223,2.741254,0.670362162673217,0.17369050661819607,0.9441720601031226,ns,0.0058606209739099635
BGENE_61,-0.017937656,1.37141,1.3885678,0.47189279146112084,0.3261566568010836,0.8847989839896016,ns,0.005850486072275295
BGENE_967,-0.029344462,0.84636486,0.86375624,0.6328006834075528,0.19873306048388048,0.939802995159732,ns,0.005831714713347003
BGENE_279,-0.029000403,1.8692474,1.9072024,0.6295299581852292,0.20098359778018407,0.9372654464296216,ns,0.00582860540427535
BGENE_845,0.034256596,1.5332304,1.497253,0.677244883153526,0.16925426754482475,0.9428003013738181,ns,0.005798075084566816
BGENE_865,0.01227705,3.231003,3.2036245,0.34433664139527376,0.4630167608879061,0.826407939348657,ns,0.005684479898239521
BGENE_839,-0.036710184,1.588003,1.6289291,0.7008841536438519,0.15435375891049263,0.9503513947713247,ns,0.005666354901112807
BGENE_1146,0.05274813,0.50872093,0.49045688,0.7824176148384303,0.10656138068848232,0.9729545469493434,ns,0.0056209134306549405
SPON2,0.0058128103,2.037105,2.0289137,0.10866284736169934,0.9639189190586734,0.6121850555588696,ns,0.0056030777904676745
BGENE_471,0.025601566,1.111628,1.0920755,0.6067824668360133,0.21696697677519028,0.9407480105984704,ns,0.005554694340551499
BGENE_92,-0.053317405,0.37484884,0.38896126,0.7883527990320454,0.10327938608409848,0.9692862283180885,ns,0.005506588885271896
BGENE_1023,-0.035832256,1.6208651,1.6616267,0.702039762807989,0.15363828918209962,0.948702382172958,ns,0.005505206521469444
BGENE_537,0.0358445,0.8629868,0.84180963,0.702693955099639,0.15323378244991984,0.945328190717003,ns,0.0054925884847986306
BGENE_387,0.022606896,1.3585522,1.3374298,0.5724594492615377,0.24225527158315147,0.9346276722637351,ns,0.005476639787434853
S100A12,0.03408276,0.8939175,0.8730467,0.6923241445058103,0.15969052229179181,0.9473078374081783,ns,0.0054426936132780145
BGENE_101,0.016995946,1.9842697,1.9610308,0.4786746058102721,0.319959611684553,0.8796470550877894,ns,0.005438016264896116
BGENE_20,-0.048923966,0.76913327,0.79566306,0.7761259274578869,0.11006780817079295,0.9742166453446279,ns,0.005384953654397381
BGENE_940,-0.031016348,1.1903399,1.216208,0.6705961933100502,0.17353891620563575,0.9433944102837751,ns,0.005382543404400536
BGENE_1179,0.04389622,0.7360763,0.7140173,0.7550785425819397,0.12200787110486201,0.9639300543599231,ns,0.005355684427938099
BGENE_1116,-0.037410367,0.8436232,0.86578524,0.7204703216308946,0.142383904395311,0.9511159361463956,ns,0.005326634158223851
BGENE_604,-0.02510425,1.0517902,1.0702525,0.6146763638497339,0.2113534864838155,0.9360553764209145,ns,0.005305870923454598
BGENE_947,0.020653615,1.9873087,1.9590611,0.5584968912849149,0.2529792399191237,0.9256854551683672,ns,0.005224935767196523
BGENE_1061,0.018415673,1.2662991,1.2502378,0.5289941702353924,0.27654911406793486,0.910750364824205,ns,0.005092837971415943
BGENE_433,0.022400156,1.5281231,1.5045798,0.5946196016438882,0.22576077837113886,0.9388730552271918,ns,0.005057076578224243
BGENE_944,0.019302612,2.04499,2.0178113,0.5471525546908867,0.26189156868795205,0.9182979938868029,ns,0.005055191381127579
BGENE_192,-0.029694397,1.287778,1.3145585,0.6762825882358401,0.16987179390016158,0.9436501231197769,ns,0.0050442404875912185
BGENE_610,0.048042454,0.5109327,0.4941985,0.7863593074678379,0.10437896847122122,0.9698162065379295,ns,0.005014621773129229
BGENE_809,-0.0364223,0.69480747,0.7125719,0.7287461059161007,0.13742375289662484,0.9515727171918615,ns,0.0050052893040670385
BGENE_802,0.038659487,0.5626305,0.547754,0.74266855136023,0.12920496609367663,0.9541780103129294,ns,0.004994997696651214
BGENE_303,-0.06231638,1.7571417,1.8347036,0.8317921129019936,0.07998520195543467,0.9700199567370188,ns,0.004984388274720186
BGENE_151,-0.03835001,0.45737168,0.46969268,0.7432457584012009,0.12886756057335655,0.9538982995523434,ns,0.004942072034096495
BGENE_820,0.02529589,2.6574667,2.6112773,0.6386051923145616,0.19476755465909346,0.9391252828155318,ns,0.0049268188072271926
BGENE_1124,0.012162112,2.8667762,2.8427105,0.3966411979702851,0.40160217888026095,0.8607042270602931,ns,0.004884330558336902
BGENE_237,-0.03659587,0.70279694,0.7208524,0.7361622053890533,0.13302648302127312,0.9539898989922937,ns,0.0048682198538474225
BGENE_1036,0.025540741,1.0292375,1.0111767,0.6473068801234606,0.18888977690950015,0.9415372801795792,ns,0.004824384899912394
BGENE_2,0.029570999,0.5398361,0.5288837,0.688259663769502,0.16224768201628165,0.9482337503138949,ns,0.004797825981645328
BGENE_85,-0.030482873,2.772561,2.8317661,0.6967937260038195,0.15689576841111025,0.9490947459756907,ns,0.004782633833010857
BGENE_661,-0.03653519,0.52527267,0.5387447,0.7401726152574424,0.1306669868747715,0.9550614390418611,ns,0.004773943003477236
BGENE_791,0.028610604,2.7164824,2.6631415,0.6849983760494913,0.16431045810404277,0.9480946381307839,ns,0.004701021430790752
BGENE_282,0.026640113,0.16679393,0.16374224,0.6663563950196584,0.1762934300015457,0.9440704533926684,ns,0.004696476974520771
BGENE_493,0.018942809,1.4757072,1.4564575,0.5670212827593804,0.24640063985225777,0.9295430864907875,ns,0.004667520192259932
BGENE_687,0.010719654,3.4232306,3.3978891,0.3672518515869978,0.43503600593392433,0.8475042728930718,ns,0.00466343552654265
BGENE_666,-0.04040578,1.9386394,1.9937027,0.7684629731819479,0.11437705325227807,0.9686508065318671,ns,0.004621494059564645
BGENE_655,-0.05784098,1.2244731,1.2745625,0.833253316886958,0.07922294889115164,0.9688992056825094,ns,0.004582333049047323
BGENE_1078,0.04340082,0.51912725,0.5037428,0.7844784259538122,0.10541899550348974,0.9714903107787148,ns,0.004575270884764273
BGENE_96,0.05727901,1.1614205,1.1162122,0.8325300605036957,0.07960007628989198,0.968997160625058,ns,0.0045594135158203136
BGENE_700,-0.039619464,1.1326442,1.16418,0.7672623582249474,0.1150561076981251,0.9691735051262492,ns,0.004558461366081727
BGENE_587,-0.028565291,2.6840684,2.7377424,0.6972855681559915,0.15658932337256293,0.9476134561576328,ns,0.004473019639005661
GPR183,0.042991895,1.885793,1.830426,0.788683707919835,0.10309713043503085,0.9687005624399202,ns,0.004432341030034664
BGENE_674,-0.013559777,3.2159605,3.2463295,0.47113104672498174,0.3268582755599751,0.886139899796204,ns,0.004432125421865442
BGENE_259,0.016632676,2.5415673,2.5124342,0.5423167269895927,0.2657470001611757,0.9178844462447266,ns,0.004420083784757619
BGENE_332,0.019608542,3.3299212,3.2849686,0.5968191391451536,0.2241572581026636,0.939872660071108,ns,0.0043953970825389285
GZMH,0.011569026,3.0542297,3.0298357,0.4170002529118031,0.37986368162536194,0.8702613973811543,ns,0.00439465278118052
BGENE_613,-0.047145113,0.9926454,1.0256195,0.8074536795678803,0.0928823820433809,0.9708861878571706,ns,0.0043789504295566805
BGENE_455,-0.031701203,1.6120615,1.6478764,0.7282168288250725,0.13773928889917064,0.9519174233007485,ns,0.0043665012184756725
BGENE_429,0.010580861,2.9438071,2.922296,0.3944165017995478,0.40404492311581064,0.8589833070044598,ns,0.004275143173146096
BGENE_273,0.01262846,1.4878539,1.474887,0.4594739505186448,0.3377391055329243,0.883603750997394,ns,0.004265124886976021
BGENE_139,-0.039323226,0.64590603,0.6637535,0.7795821501262504,0.1081381133594704,0.9714419316214958,ns,0.004252339429475378
BGENE_425,-0.037124816,0.49065235,0.50344217,0.7683816613276008,0.11442300882761246,0.9695667650821461,ns,0.004247933186455089
BGENE_768,0.025715271,1.3664916,1.3423504,0.6845822608718571,0.1645743586385153,0.9486128326168921,ns,0.004232074233850093
BGENE_805,-0.008861132,1.6834466,1.6938183,0.3354111760464623,0.4744224706075611,0.8298833221768139,ns,0.00420392011974346
BGENE_114,-0.03731753,0.91620606,0.94021434,0.7727704131472024,0.1119495139901881,0.971020414425804,ns,0.004177679270768847
BGENE_112,0.043674324,0.4085242,0.3963423,0.8041940002850139,0.09463917128885402,0.9718356498912555,ns,0.004133301802309139
BGENE_628,0.04816106,0.3003681,0.29050648,0.8220809147822511,0.08508543414610632,0.9757636970709211,ns,0.004097804666533717
BGENE_83,-0.037683353,1.1013196,1.1304651,0.7784994866341947,0.10874166948251468,0.9741390865078557,ns,0.004097750698218168
BGENE_939,-0.03803699,0.7794138,0.8002366,0.7843477295265261,0.10549135627731783,0.9723318961072638,ns,0.004012573759884981
BGENE_95,0.010977232,3.3204355,3.2952666,0.43894786571420996,0.3575870582935694,0.8749791343140398,ns,0.003925316062402514
BGENE_663,-0.0154801905,1.9677179,1.9889452,0.558508110797548,0.2529705155670979,0.9244272178718037,ns,0.003916031775787534
BGENE_1040,0.0075327465,2.7983549,2.783782,0.3060103169054096,0.5142639313629975,0.8160275117477589,ns,0.003873819845028669
BGENE_776,0.047656804,0.48052895,0.46491483,0.8300454632010753,0.08089811982076131,0.9708134072527197,ns,0.003855345866412519
BGENE_258,-0.009281512,2.1955438,2.2097142,0.3855871618760057,0.4138774343626359,0.8616472891083926,ns,0.003841408518358546
BGENE_1105,0.036146946,0.3501283,0.34146473,0.7879218798297016,0.10351683941491177,0.9697500059442482,ns,0.0037418176304448306
BGENE_176,-0.034423627,1.5770619,1.6151441,0.7791124634078315,0.10839984821687662,0.9738905792597894,ns,0.003731515937465091
BGENE_849,0.03219929,1.6309912,1.5949925,0.7659082890806628,0.11582323027695973,0.9684825573201216,ns,0.00372942573985462
BGENE_1170,0.022070596,1.1542684,1.1367445,0.6792551680572138,0.16796704860356934,0.9445031305546425,ns,0.0037071328701333292
BGENE_977,-0.023067098,0.9656422,0.9812059,0.6911615023021045,0.16042046005952618,0.9467965784960336,ns,0.003700434491191088
BGENE_1092,-0.047394708,1.6213444,1.6754926,0.835938058946505,0.0778259015733633,0.9692035466046435,ns,0.0036885358642600057
HLA-DQA1,0.033629682,0.89352965,0.87294203,0.7791608882257938,0.10837285599344815,0.9729376335805957,ns,0.003644544675284616
BGENE_211,-0.044217173,0.8560521,0.8826955,0.8277396024314545,0.08210626588849511,0.9719055997238213,ns,0.0036305069640057515
BGENE_1193,0.009842966,3.6890745,3.663991,0.42896122322890207,0.3675819649221691,0.8709872552871107,ns,0.0036180966917400068
BGENE_1121,0.06508212,0.21315947,0.20375717,0.8799502098282289,0.05554190081415526,0.9777224553646988,ns,0.003614784538018613
BGENE_123,-0.037279762,1.1052521,1.1341845,0.8002332110017651,0.09678342864371946,0.9729279161115686,ns,0.003608063217094972
BGENE_717,0.020485593,1.5474195,1.5256021,0.6667722880917218,0.1760224583025542,0.9435456906958327,ns,0.00360592444070434
BGENE_756,0.026391903,0.81170505,0.79699117,0.7324850941378673,0.13520120865240456,0.9523099815443562,ns,0.0035682171759201394
BGENE_277,-0.02229323,2.2054355,2.2397797,0.6923407244368189,0.15968012183647695,0.9462515595947412,ns,0.0035597857653544736
BGENE_368,0.07952173,0.19001766,0.17982721,0.9027440564622142,0.044435362224492854,0.9812435396328415,ns,0.0035335769013604148
BGENE_486,0.047606386,0.41560307,0.4021127,0.8456799124329578,0.07279398515087875,0.9674126738985218,ns,0.003465458573354356
BGENE_739,0.030563252,0.6083734,0.59562063,0.7780023783456745,0.10901907537429086,0.9745332505373794,ns,0.0033319774785631044
S100A8,-0.025691062,2.0019953,2.0379655,0.742653028203476,0.12921404375256612,0.9562056157126301,ns,0.00331964603671002
BGENE_569,0.018894942,1.1421926,1.1273309,0.6676047233752456,0.1754805993017358,0.9436109164314426,ns,0.0033156958296964066
BGENE_1125,-0.034196254,1.2032406,1.2321018,0.8003767297850413,0.09670554656363856,0.972117485568876,ns,0.003306967420536335
BGENE_566,-0.014481055,1.2287766,1.2411726,0.594304882064854,0.225990702107401,0.939612461762615,ns,0.0032725837005931854
BGENE_1011,-0.047650743,0.33967498,0.35108146,0.8549443310369679,0.06806216306196104,0.9706085120571064,ns,0.0032432126588666436
BGENE_337,0.033922005,1.1706394,1.1434352,0.8028173803794778,0.09538323394091279,0.9740959114816719,ns,0.003235590581082946
BGENE_753,0.024563117,0.6764784,0.66505826,0.7392979025309884,0.13118052594168172,0.9549596157558514,ns,0.0032222026006323134
BGENE_554,-0.029376144,0.8898294,0.90813386,0.7791608882257938,0.10837285599344815,0.971926263899119,ns,0.0031835765788802905
BGENE_1165,-0.017998518,2.3981493,2.428255,0.6659934911003594,0.1765300152636486,0.9457895731602738,ns,0.003177278731802143
BGENE_76,0.015173582,1.7157886,1.6978374,0.6188189332316698,0.20843640720239015,0.9364220931626782,ns,0.0031627269915389025
BGENE_985,-0.008476943,1.5351014,1.5441478,0.4264081512983031,0.37017450184725126,0.871703205379836,ns,0.0031379480698981973
BGENE_785,-0.042256556,1.4817368,1.5257788,0.8445158292072952,0.07339220580528248,0.9688518117100902,ns,0.003101301887697862
BGENE_7,0.024931664,0.9679897,0.9514052,0.7527044280113402,0.12337552908963517,0.961922591707783,ns,0.003075957193569726
BGENE_424,0.009997714,3.2081304,3.185975,0.49251903890087034,0.30757697667952,0.8847647405404856,ns,0.0030750667414474178
BGENE_350,0.028725924,0.30589738,0.2998668,0.7819064874312838,0.10684518353988713,0.973327577715291,ns,0.0030692266189640003
BGENE_298,0.0092275655,1.7397598,1.7286677,0.4650268704314964,0.332521951748827,0.8871736796785304,ns,0.0030683680865282825
BGENE_1087,-0.025516527,0.6100099,0.62089497,0.7601549749137508,0.11909785786578017,0.9683502865143323,ns,0.0030389636789072486
BGENE_1010,-0.0139207505,2.052834,2.072738,0.6130678058794174,0.21249148944449076,0.9383690906317614,ns,0.002958041001336389
BGENE_525,-0.029092442,0.76344675,0.7789982,0.7917192690223298,0.10142878498547113,0.9664935125399753,ns,0.00295081106909846
BGENE_314,-0.034703974,0.34558865,0.3540026,0.8263046089682994,0.08285982482564785,0.9749906890481409,ns,0.0028755651799395655
BGENE_509,-0.03102698,0.7255377,0.74131036,0.8087556579378616,0.09218266805109841,0.9714782677932272,ns,0.0028601497895192635
BGENE_867,0.030538332,0.5129694,0.50222516,0.8108591221145285,0.09105459314133238,0.9730309465374342,ns,0.0027806553697294935
BGENE_848,-0.019733576,2.6523197,2.688848,0.7230968894840617,0.14080350664868846,0.9514432756369232,ns,0.0027785567141682876
BGENE_1067,0.019934764,1.0062567,0.99244803,0.7261019955394306,0.1390023696736371,0.9512253216673763,ns,0.002770979453219632
BGENE_1025,-0.009950845,1.700163,1.7119303,0.5278167292574258,0.27751684884684136,0.910028843547286,ns,0.0027615270287070586
BGENE_743,-0.0075636394,3.4310033,3.4490383,0.4359968456843437,0.3605166527195771,0.873449440436081,ns,0.0027268179704716083
BGENE_834,0.028853543,1.3214587,1.2952924,0.8065458536557322,0.09337093711125664,0.9707673263659766,ns,0.0026940823584829855
BGENE_91,-0.01925846,1.3963897,1.415155,0.7249962785271402,0.13966422269697268,0.9528976278560441,ns,0.002689717850425036
BGENE_519,-0.031673957,0.63787794,0.65203726,0.8225294294844867,0.08484855437000426,0.9753313393096681,ns,0.0026874894339842014
BGENE_1192,0.01728996,1.2370698,1.2223327,0.699763905728602,0.15504846246352502,0.9499057543827177,ns,0.0026807818314117087
BGENE_968,0.0066657593,2.603199,2.5911992,0.3971947973158443,0.4009964487763995,0.8587995617639876,ns,0.0026729457893514483
BGENE_543,-0.014861286,1.8792734,1.898732,0.6620291589899762,0.17912288169389923,0.9446313802472907,ns,0.002661996317840909
BGENE_1145,-0.01124572,2.7741976,2.7959068,0.5798210344402206,0.23670603359016965,0.9364538914243132,ns,0.002661929797009843
BGENE_707,0.005685193,1.6415073,1.6350513,0.3458362548104186,0.46112948058560044,0.8250566715159091,ns,0.0026216100944265876
BGENE_884,-0.0139114605,1.6990837,1.7155467,0.6480239274893308,0.18840895804185775,0.939165112303378,ns,0.0026210437825982726
BGENE_626,-0.016927335,2.5713575,2.6017053,0.7014796314426753,0.15398493487151182,0.9500852796063323,ns,0.0026065546408588366
BGENE_1022,0.019181952,0.96089274,0.9482013,0.7371156019644418,0.1324643963225008,0.9531667266781575,ns,0.0025409256761317325
BGENE_642,0.0062012463,2.1312556,2.1221144,0.3982666200835968,0.39982609158462074,0.8595682447847414,ns,0.002479420066154219
BGENE_631,0.017186128,1.5585208,1.540065,0.718161724040906,0.14377774524280054,0.952258639612251,ns,0.002470982676222167
BGENE_381,-0.008119923,2.5490732,2.5634606,0.49630848255820037,0.30424830208106246,0.8875859598656342,ns,0.0024704728048317707
BGENE_220,0.013154988,1.0153761,1.0061597,0.6575826870623163,0.18204962948911346,0.9405235095051007,ns,0.0023948607235784888
BGENE_474,-0.015226061,1.4561912,1.4716411,0.7024353429531724,0.15339364507549794,0.948169191837803,ns,0.002335581066864878
CXCL8,-0.02792716,0.9141408,0.9320088,0.8269003571715454,0.08254682048102975,0.9728239496135828,ns,0.002305298284779887
BGENE_788,0.024162006,0.4112833,0.40445256,0.8038071043789077,0.09484815965316293,0.9723473036841626,ns,0.0022917217678303865
BGENE_1096,-0.029322434,2.4004617,2.4497497,0.836531448207906,0.07751772771242509,0.9680209622463715,ns,0.002273008471478573
BGENE_55,-0.026967732,1.0481198,1.0678961,0.8257599667972378,0.08314617573655397,0.9762679410410693,ns,0.0022422638036932686
BGENE_877,0.025789604,1.5095385,1.4827937,0.819523361797686,0.08643866167223913,0.974656128996257,ns,0.0022292188194606103
BGENE_678,-0.010289524,2.8464642,2.8668382,0.6102983018060609,0.21445783849381334,0.9365191332062315,ns,0.0022066690226723346
BGENE_692,-0.018759891,1.0348442,1.0483885,0.7644092890035682,0.1166740440941563,0.9696523750573804,ns,0.0021887923953318377
BGENE_723,-0.010099434,1.4805396,1.4909403,0.609309277112371,0.21516220942183217,0.9386022240498655,ns,0.0021730165965660395
BGENE_502,-0.020455398,2.1441567,2.1747744,0.7853584005184203,0.10493210650813935,0.9705768080557202,ns,0.002146427966502658
BGENE_945,0.025629614,0.5181759,0.50905174,0.8253516279530738,0.08336098775888676,0.9767474887018625,ns,0.002136509901282943
BGENE_307,0.008795329,2.1470082,2.1339588,0.5720635117869551,0.24255575217305925,0.9352536977443409,ns,0.0021333577308542398
MNDA,-0.0066160993,1.313822,1.3198609,0.47843795024819347,0.3201743789157766,0.8805606446285769,ns,0.0021183054752331653
BGENE_468,-0.030895986,0.6120519,0.62530065,0.8540484618913342,0.06851748512499639,0.971429530113366,ns,0.002116915238082399
BGENE_1071,0.008872078,4.187562,4.161889,0.5779971886139723,0.23807427398848086,0.9385610640551648,ns,0.002112213481083716
BGENE_712,0.040747065,0.44287837,0.43054482,0.8880823048025155,0.05154678324711074,0.9750217436075194,ns,0.002100380132515794
BGENE_586,0.012468367,1.9754909,1.9584916,0.6815481806922422,0.16650343715998137,0.946594695405892,ns,0.002076025941906924
BGENE_1088,0.031018978,1.9854083,1.9431763,0.8573981097458362,0.06681747828731482,0.9679000298165601,ns,0.0020726098879931374
BGENE_548,-0.030015618,1.3816015,1.4106472,0.8532230655449465,0.0689374125949823,0.9732582496710417,ns,0.002069199015406507
BGENE_13,0.008871224,2.2610013,2.247141,0.5862175930714275,0.23194115201974588,0.9354536059650439,ns,0.002057601862785868
BGENE_180,-0.013593891,1.6935785,1.7096118,0.7063285859937527,0.1509932169569267,0.9480920617365809,ns,0.00205258528839022
BGENE_1131,-0.02488193,2.0563722,2.0921457,0.8295000405979496,0.08118358838408699,0.9720703600757221,ns,0.0020200042950596167
BGENE_896,-0.018334998,3.018115,3.0567167,0.7779514502153372,0.10904750527443452,0.9754877118687614,ns,0.0019993857712513555
BGENE_639,-0.009637262,1.5503689,1.5607601,0.6243512874812612,0.2045709883824519,0.9376990550406927,ns,0.001971504159628799
BGENE_506,-0.024185348,0.7524716,0.7651924,0.8294489714755297,0.08121032704562293,0.9729606703525275,ns,0.0019641000453279483
BGENE_763,-0.042651176,0.15878014,0.16354436,0.901430999065012,0.045067511173635395,0.9824861025231738,ns,0.0019221823713479003
NKG7,0.007185056,1.9492975,1.9396136,0.5444794533363193,0.26401850428473944,0.9176620000050326,ns,0.0018969877051318203
BGENE_375,0.01589719,1.6008333,1.5832903,0.7637986554066284,0.11702111049529548,0.9709304941609683,ns,0.0018603068507602582
BGENE_876,-0.02222232,1.1208029,1.1382006,0.8265380178532765,0.08273716560836772,0.9743080760549429,ns,0.0018386117384255798
BGENE_752,0.00979975,2.2581887,2.2429016,0.6495907562525729,0.18736016378083276,0.9403002503052925,ns,0.0018360826882790758
BGENE_836,-0.022094654,1.7025151,1.7287896,0.8260695798344289,0.08298337051802979,0.9756727320879082,ns,0.0018334888526561621
BGENE_207,-0.021700466,2.2338233,2.2676775,0.8276856145954976,0.08213459289356079,0.9727940622082244,ns,0.0017823589447567296
BGENE_275,-0.015026023,1.2785623,1.2919484,0.7640597991514194,0.11687265003010988,0.9702346655891041,ns,0.0017561310900362627
BGENE_581,0.0072492273,4.1085835,4.0879903,0.5729953301588675,0.24184891746454637,0.9329639025653201,ns,0.0017532177651181442
BGENE_6,-0.011838539,2.7954674,2.818501,0.7188571088586619,0.14335742811708227,0.951078865083125,ns,0.0016971424423743479
BGENE_1039,-0.053897955,1.0986571,1.1404785,0.9304231230698705,0.03131950496827664,0.9880599537025174,ns,0.0016880572544806917
BGENE_84,0.016013192,1.5639931,1.5467296,0.7846610155645278,0.10531792397517761,0.9707146584303437,ns,0.0016864761390151634
BGENE_964,-0.040613525,1.7273333,1.7766507,0.9100052738673968,0.04095609075047589,0.9820200797130183,ns,0.0016633711998599423
BGENE_762,-0.021039361,1.6871871,1.7119722,0.8338648089384304,0.0789043540279827,0.9686716076729105,ns,0.0016600971994532464
BGENE_885,0.0112960255,1.7916116,1.7776384,0.7130941834645209,0.14685310597196471,0.9497369813067982,ns,0.0016588564264872574
BGENE_276,0.021622369,2.8597698,2.8172286,0.8396620428089181,0.07589547879134033,0.9688408186256747,ns,0.0016410400528580876
BGENE_518,-0.0073188525,1.717115,1.7258482,0.5973682816806167,0.2237578407489365,0.9395045059197118,ns,0.0016376506252961988
BGENE_510,0.007919693,1.8555466,1.8453885,0.621714742110772,0.20640883451144498,0.9349093866327399,ns,0.0016346946773007343
BGENE_724,0.016997475,0.4169889,0.41210487,0.8043094625938734,0.0945768218505732,0.9709973391475333,ns,0.0016075671817293636
BGENE_496,0.016206225,1.5356413,1.5184876,0.7959857815199303,0.09909468987864535,0.9697288708872247,ns,0.001605950878164406
BGENE_214,0.004502695,3.308883,3.298572,0.44032893177886234,0.3562227783171851,0.8762764811519648,ns,0.0016039625419853262
BGENE_773,0.02049475,0.8225858,0.8109828,0.8362233525037157,0.07767770844084278,0.9685984778035317,ns,0.0015919851971685673
BGENE_1138,-0.021014756,1.356812,1.3767204,0.8415570289578468,0.07491644828888223,0.9700945578764805,ns,0.0015743508505928485
BGENE_751,0.009078545,5.0525174,5.020823,0.6718204557944674,0.17274677676197905,0.9418043772819636,ns,0.0015682893112151603
BGENE_983,-0.015609705,0.71333724,0.72109735,0.7976031144810192,0.09821315885979112,0.9707137295915041,ns,0.0015330784260528861
BGENE_507,0.0038664876,2.753173,2.7458043,0.4014861524436072,0.39632942926709425,0.8587939089702827,ns,0.0015324028429341005
BGENE_936,0.014955562,1.493871,1.4784648,0.7906110063699952,0.10203714398687252,0.9680951098408104,ns,0.0015260227932078034
BGENE_221,-0.03889603,1.3054572,1.341132,0.9146735677192623,0.03873387099644034,0.9817605378024282,ns,0.0015065938732783768
BGENE_444,0.021127906,0.61393815,0.6050127,0.8502911975501494,0.07043231683687463,0.9717613686287422,ns,0.0014880873481246863
BGENE_1070,-0.012805219,0.61397004,0.61944383,0.765329294288264,0.11615166298799633,0.9687712585927392,ns,0.0014873474595153635
BGENE_419,0.012802002,2.213281,2.193728,0.7725861825174504,0.11205306335413735,0.9718065188898747,ns,0.0014345035434270492
BGENE_212,0.0065678353,2.8251638,2.8123317,0.6061006468864196,0.21745525247068198,0.9409065669646877,ns,0.0014282102925107054
BGENE_1026,-0.032087322,1.2476305,1.2756902,0.9030063522857786,0.044309194589088094,0.9806403825727913,ns,0.0014217634087196986
BGENE_529,0.009522313,1.8262882,1.8142737,0.7100963819579211,0.14868270013778223,0.9499617149938744,ns,0.0014158032458787366
BGENE_532,-0.010645349,2.861916,2.8831117,0.736628842241808,0.13275128061926036,0.953564844325965,ns,0.0014131836564597175
BGENE_278,0.004190285,2.2160017,2.2095747,0.4604902950392983,0.3367795182473574,0.8827290000753322,ns,0.0014112022392151898
BGENE_711,0.017917389,1.1361406,1.1221176,0.8345648991257061,0.07853988518456234,0.9685472717126182,ns,0.0014072296788040365
BGENE_371,-0.018730534,1.0309757,1.0444481,0.8415637058973737,0.07491300259668378,0.969171254392369,ns,0.0014031605602036004
BGENE_796,0.015923725,0.7473117,0.7391086,0.8185979918254145,0.08692932509535584,0.9754891660282993,ns,0.001384238705598415
BGENE_130,0.021632535,1.5094862,1.487021,0.8688250343569839,0.06106767379751947,0.9725653369667729,ns,0.001321048614188771
BGENE_42,-0.030888606,2.186707,2.23403,0.906856800992818,0.04246128565052705,0.9803857308030465,ns,0.0013115699168892694
BGENE_881,0.005516275,2.5916908,2.5818,0.5795926200590655,0.23687715302838122,0.9373465553515885,ns,0.0013066794775710613
BGENE_550,-0.016974755,1.1440282,1.1575683,0.8381964216484845,0.07665419754850554,0.9690132042179012,ns,0.0013011861948618911
BGENE_158,0.04011226,0.48595417,0.47262892,0.9286553566424773,0.03214543183954929,0.9879312304707206,ns,0.0012894259431966936
BGENE_454,0.0100942105,2.0204525,2.0063653,0.7456698869083755,0.1274533950796469,0.9559870344979174,ns,0.00128654139957277
BGENE_459,-0.010528492,1.1207403,1.1289492,0.7575496339527581,0.12058890731988049,0.9660569189620719,ns,0.0012696193230898913
BGENE_844,-0.0047019203,2.2173252,2.2245636,0.5383268777876411,0.26895393602408624,0.91760263259257,ns,0.0012645999767604275
CX3CR1,0.008117061,1.4313926,1.4233617,0.7024884751253853,0.15336079630616592,0.9471754720791711,ns,0.0012448389552424813
BGENE_110,0.0123133715,1.1916133,1.1814862,0.7943180318799581,0.10000557838341055,0.9686805266828757,ns,0.0012314058411289131
BGENE_767,-0.039267376,1.2211869,1.2548817,0.9321607826998555,0.0305091723917617,0.9881563067489634,ns,0.001198015145746978
BGENE_863,0.013156522,1.2428737,1.231591,0.8109780917780105,0.09099087790775132,0.9722015086249877,ns,0.0011971234929435456
BGENE_731,-0.043209285,1.2961441,1.3355514,0.9382785295590989,0.0276682214347676,0.9859319049657781,ns,0.0011955240528010267
BGENE_285,-0.025517752,1.299105,1.3222874,0.8989780639954743,0.0462509053768381,0.9824896874267479,ns,0.0011802191514081854
BGENE_54,-0.009480497,1.4524525,1.4620286,0.7526554318310241,0.12340379976606379,0.9628854138563208,ns,0.0011699293372420794
BGENE_446,0.02166303,0.5795763,0.5709386,0.8844542819603168,0.053324611149408514,0.9755010462797612,ns,0.0011551726835687078
BGENE_928,0.0053951424,1.9246548,1.9174707,0.6116296825944338,0.21351144629084215,0.9373634982290174,ns,0.0011519246485534923
BGENE_905,0.03518773,1.2429341,1.2129853,0.9284362586889482,0.03224790716372817,0.9885745434132545,ns,0.0011347306085175066
BGENE_132,0.012962399,3.5230818,3.4915693,0.8178394417135052,0.0873319486783812,0.9765247065235882,ns,0.001132031568635118
BGENE_1106,0.011889053,0.8203291,0.81359667,0.8032903894444474,0.09512742889892839,0.9727027924655266,ns,0.0011309750037243214
BGENE_442,0.010938146,2.5930464,2.573461,0.7897330066512445,0.102519710401598,0.9689975541733061,ns,0.0011213755757926182
BGENE_1030,-0.026452042,1.0039846,1.0225626,0.9079694987214443,0.0419287404210511,0.9807051291320731,ns,0.0011091008094347389
BGENE_1126,0.0067265304,2.8278177,2.814664,0.6862237105686284,0.1635342801719797,0.9476046636160576,ns,0.001100018303837714
BGENE_1018,-0.020319428,0.9580397,0.97162855,0.8829028905576364,0.05408706133094053,0.9746858037434808,ns,0.0010990181643957468
BGENE_430,-0.014524832,0.85359794,0.86223525,0.8443278557543226,0.07348888240647931,0.9695630879475474,ns,0.0010674136978582095
BGENE_102,0.019300746,0.8849381,0.87317806,0.8806048480861016,0.055218927903013706,0.9757394438627166,ns,0.0010657664908121883
BGENE_808,0.0048210365,3.1788995,3.1682944,0.6021480687806862,0.22029670218509914,0.9408563574698222,ns,0.001062058436918279
BGENE_244,-0.012374877,1.9244615,1.9410398,0.8219616498853739,0.08514844478561473,0.9765880988737116,ns,0.0010537015308240496
BGENE_173,-0.0101507,1.2978953,1.3070594,0.790326473908069,0.10219347006682526,0.9687352080589201,ns,0.0010373352439607623
BGENE_593,-0.024291947,0.8471335,0.86151826,0.9065456262425082,0.04261033307239425,0.9809330491352659,ns,0.0010350879732710491
BGENE_596,-0.0075825704,1.0709299,1.0765734,0.7323710798128144,0.13526881364081086,0.9531944639646173,ns,0.0010256853058953803
BGENE_128,0.021443617,0.46830988,0.4614006,0.897502380005652,0.04696439108173119,0.9817710629049976,ns,0.001007086396154837
BGENE_301,0.009596974,2.138936,2.124755,0.7856220893327056,0.10478631399346588,0.9699038139909946,ns,0.001005631495073136
BGENE_812,0.01362289,0.38162994,0.3780433,0.8441956625559244,0.0735568835638268,0.9703398420183039,ns,0.0010020573501966137
BGENE_963,0.0047048167,1.3925314,1.3879976,0.6166102603792786,0.20998925290009013,0.9354390802214086,ns,0.0009879609507011994
BGENE_152,0.0052022,3.4279566,3.415618,0.6474437346759868,0.18879796744978264,0.9405962247108767,ns,0.0009821647481446723
BGENE_1139,-0.006537058,1.6608251,1.6683676,0.7115594391079321,0.14778881589117543,0.9508589386742967,ns,0.0009661040501500928
BGENE_555,0.0028980905,3.4080164,3.4011774,0.4656106029960515,0.3319771383877097,0.8854718282016828,ns,0.0009620997972898311
FPR1,0.018082485,2.0494149,2.023888,0.8865461957927377,0.052298629431187814,0.9751195554090608,ns,0.0009456891614436992
BGENE_435,-0.023671439,0.88906634,0.9037743,0.9125223745943833,0.039756478056425175,0.9820868605500089,ns,0.0009410930418882998
BGENE_291,0.01668997,1.7436749,1.7236192,0.8791609206851831,0.05593162484751284,0.9777507922356068,ns,0.0009334970975053222
BGENE_781,-0.013774891,1.147871,1.1588835,0.8623406477125932,0.06432114229873657,0.968015694345287,ns,0.0008860167488564273
BGENE_899,-0.009035137,1.0896796,1.0965253,0.8029725206908056,0.09529931688389912,0.9733000250797644,ns,0.0008610423412311137
BGENE_1120,0.015342395,0.34522623,0.34157434,0.8807239517156382,0.05516019264680594,0.9749711642608542,ns,0.0008462894540087924
BGENE_1107,-0.008987805,1.7006643,1.7112923,0.8052586704681776,0.09406459030061795,0.9711662357405157,ns,0.00084543418324787
BGENE_652,-0.009423023,1.8173931,1.8293023,0.8162468453416515,0.08817848418959316,0.9755938390537667,ns,0.0008309078925391468
BGENE_451,-0.01818434,1.4221054,1.4401437,0.9011994341195632,0.0451790896499692,0.9831266554031599,ns,0.0008215519102618923
BGENE_448,-0.013125131,1.0968232,1.1068473,0.8661968204006594,0.06238341479341123,0.9705286503088622,ns,0.0008187904855705556
BGENE_546,-0.0031663189,2.0602179,2.0647445,0.5513803916787481,0.2585486824397799,0.922812371010457,ns,0.0008186475723021716
BGENE_1189,-0.011137827,1.294657,1.3046906,0.8451756749544865,0.07305301089215913,0.967758406436435,ns,0.0008136518190279377
BGENE_145,0.01221259,0.54690224,0.5422922,0.8613812118899149,0.0648046051314886,0.9678440583032752,ns,0.000791432092960437
BGENE_359,0.004826179,1.3105636,1.3061868,0.688880809665632,0.161855913335246,0.9480011142187597,ns,0.00078114557342341
BGENE_1169,0.027122734,1.2463924,1.223179,0.9361338152009063,0.028662066807273533,0.9871358332522737,ns,0.0007773936171865099
BGENE_353,-0.005125751,2.5343368,2.5433571,0.705439788022861,0.1515400490185969,0.9479594015984695,ns,0.000776756525603374
BGENE_757,0.005991627,2.28756,2.2780793,0.7426582695477884,0.12921097868881004,0.9551874849489239,ns,0.0007741839881621312
BGENE_542,0.013737031,0.45684388,0.45251456,0.8801253927222329,0.05545544888637357,0.9761094928527536,ns,0.0007617932348141748
BGENE_1073,-0.020677736,0.9097864,0.92292005,0.9199540056019471,0.03623388527684311,0.9865458505114715,ns,0.0007492347150606783
BGENE_714,0.00819966,1.5043304,1.4958047,0.8146073687722197,0.08905166569288984,0.9755776871523589,ns,0.0007301933906878275
BGENE_1198,0.07387074,0.13899268,0.13205488,0.9778052870939861,0.009747618790800862,0.9969127820839281,ns,0.0007200638214136446
BGENE_1136,0.01788104,0.40097016,0.39603114,0.91177805730672,0.04011086366430151,0.9830491183899948,ns,0.0007172239387653736
BGENE_703,-0.020565994,2.4746819,2.5102117,0.9229935059405716,0.0348013546014949,0.9871588298829642,ns,0.0007157244528454022
BGENE_1182,0.012823821,3.1615696,3.1335917,0.8815579893875838,0.05474911428616345,0.9749950113042402,ns,0.0007020928440031054
BGENE_774,0.010202312,1.1582067,1.150045,0.8563654079031413,0.06734088395139942,0.9685565405125066,ns,0.0006870327024136798
BGENE_931,-0.048947714,0.10164771,0.10515562,0.9687265601760464,0.013798792779162688,0.992717226482712,ns,0.0006754193662138204
BGENE_458,0.003601118,3.6742768,3.665117,0.6544058446973906,0.18415283050346654,0.942721504966229,ns,0.0006631560710032186
BGENE_871,-0.0061962353,1.0607959,1.0653617,0.7827365717785892,0.10638437417733122,0.971338041503937,ns,0.0006591826153439753
BGENE_758,-0.009948506,1.317317,1.3264323,0.8596740211746029,0.06566619717821424,0.9677381101402659,ns,0.0006532805579385964
BGENE_660,0.020188328,2.6015296,2.5653787,0.9282896420358017,0.03231649542818244,0.9892962437326482,ns,0.0006524160055950964
BGENE_481,-0.0061165257,2.8137677,2.8257225,0.7863986972972666,0.10435721460251955,0.9688690315777413,ns,0.0006383035888229144
BGENE_341,0.026913602,0.7928484,0.77819484,0.9475193537200244,0.023411910512429114,0.986999326791692,ns,0.0006300988393695185
BGENE_603,0.009212698,0.5334999,0.5301039,0.8545985951031153,0.0682378254662435,0.9711347671626309,ns,0.0006286544683797129
BGENE_296,-0.009370572,1.2991834,1.3076493,0.8568916848239007,0.06707407149132212,0.9682391918914133,ns,0.0006285224117946806
BGENE_1133,-0.014572867,1.801227,1.8195137,0.9057850387936364,0.042974857005929214,0.9818808008603104,ns,0.000626266883756692
BGENE_294,0.04495153,0.35338968,0.3425485,0.9695860310731712,0.013413650058503652,0.991903868105546,ns,0.0006029640703556658
BGENE_828,-0.01079531,0.7933224,0.7992809,0.8820714492704275,0.05449623486012281,0.9746645848292016,ns,0.0005883037567585622
BGENE_1130,0.0023362115,1.8195937,1.8166494,0.560015966075299,0.2517995910660226,0.9243729838932033,ns,0.0005882571009863401
BGENE_544,-0.0020367657,1.7965384,1.7990764,0.5243620144109551,0.2803687768012347,0.9066778347163488,ns,0.0005710455032974637
BGENE_576,0.0038553386,1.5657936,1.5616149,0.7149903992058122,0.14569978980721554,0.9501533544263284,ns,0.0005617220168029047
BGENE_126,-0.028383566,1.4496868,1.4784904,0.9560939293391331,0.0194994393245277,0.9924850477568855,ns,0.0005534636243298334
BGENE_90,0.0028553521,3.0921512,3.0860374,0.6421825883765083,0.1923414737220457,0.9409268694161295,ns,0.0005492026359221254
BGENE_169,-0.02797389,1.7647887,1.7993419,0.9561261010402285,0.019484825951549115,0.9916606060918532,ns,0.0005450663837721847
BGENE_803,-0.0106228255,1.7186531,1.7313546,0.8893866575226906,0.050909390074553085,0.9755612331144686,ns,0.0005408015657267024
BGENE_293,-0.006342021,1.5722214,1.579148,0.830710701119358,0.08055019496734601,0.9706454151345955,ns,0.0005108510133044528
BGENE_440,0.011783636,1.9135672,1.8980013,0.9062903693565705,0.042732634988323005,0.9815419162706539,ns,0.0005035458235055775
BGENE_637,-0.0034863418,1.8826292,1.8871841,0.718554407617512,0.14354034230572366,0.9517276922086251,ns,0.0005004306949096335
BGENE_810,0.002692454,3.7615476,3.754534,0.6572955392796386,0.1822393150386827,0.9412346624529431,ns,0.0004906709779952552
BGENE_616,-0.008162989,2.0472033,2.0588195,0.8726140824455875,0.05917778254899245,0.9749878016151815,ns,0.0004830676046277522
BGENE_800,-0.007105303,2.5001345,2.512478,0.8558482017907052,0.0676032574849326,0.9697996620857849,ns,0.00048034162801015594
BGENE_133,0.0054527116,0.55626965,0.55417114,0.8190886559537169,0.0866690888284794,0.9751055428020439,ns,0.00047258154608670707
BGENE_597,0.0023305453,2.4091783,2.4052896,0.6279244944457067,0.20209257539821707,0.9372007379786669,ns,0.0004709859090361744
BGENE_60,0.0029451184,3.3239682,3.3171895,0.6928537543004065,0.15935842542140266,0.9458754324920225,ns,0.00046932942308040246
BGENE_760,-0.011668357,1.2744793,1.2848289,0.9128031556023668,0.03962286721130748,0.9815087694649105,ns,0.00046233376263233905
BGENE_1057,0.016648319,1.4880794,1.4710062,0.9401408385993557,0.026807081671747134,0.9853004422001981,ns,0.00044629283690436286
BGENE_715,-0.0073139262,1.0485705,1.0538999,0.8699420988551164,0.06050965196130359,0.9729082186636903,ns,0.00044256313116631347
BGENE_1143,0.0013427314,1.9003999,1.898632,0.47041182582973073,0.32752176893013424,0.8903693864285124,ns,0.0004397737671150762
BGENE_567,-0.018547429,0.5276438,0.53447104,0.9469093206956842,0.023691608543803852,0.987220838257881,ns,0.0004394184219568365
BGENE_405,-0.014681799,2.885915,2.915434,0.9343840522465366,0.029474582560906314,0.9870254073026796,ns,0.0004327399067089616
BGENE_824,-0.009409953,0.20684797,0.20820154,0.9010400619302622,0.04525589904485192,0.9838472013797221,ns,0.0004258558788553975
BGENE_893,-0.028905649,0.9514438,0.9706991,0.9668087558676014,0.014659425074726147,0.994147820943549,ns,0.0004237401919132012
BGENE_33,-0.008616384,0.6807735,0.6848515,0.8967858170982915,0.04731126883932835,0.9818822814944798,ns,0.00040765206546724826
BGENE_524,-0.017427534,2.9446037,2.9803898,0.9481759034714576,0.02311108584721844,0.9868266124594529,ns,0.00040276923125874325
BGENE_926,-0.0046090083,1.5982021,1.6033161,0.818260080030475,0.08710863597455819,0.9760557614677634,ns,0.00040148442792236006
BGENE_827,0.008889512,1.3025435,1.2945422,0.9018120532700868,0.04488396437907654,0.9811191876011824,ns,0.0003989965470887954
BGENE_672,0.0057319584,0.83205175,0.82875246,0.8561242547159462,0.06746319884937588,0.9691972694897504,ns,0.00038669625137701514
BGENE_1122,0.009773784,0.11310765,0.11234397,0.9137478043768454,0.03917365358884755,0.9816449107002815,ns,0.00038287484108925424
TYROBP,-0.0064185467,1.4963876,1.5030599,0.8756177454137516,0.057685445531266845,0.9765253666324367,ns,0.0003702567238453848
BGENE_948,0.004406339,1.3583153,1.3541731,0.82659522002212,0.08270711045525317,0.9734192973763927,ns,0.0003644355683002443
BGENE_194,0.0049746106,1.0712329,1.0675455,0.8449043705836529,0.07319244333205148,0.968371771442582,ns,0.0003641039072115701
BGENE_853,-0.028267369,1.6005552,1.6322248,0.9715355185312663,0.012541317328574325,0.9930516373403063,ns,0.000354510040587925
BGENE_883,0.008623014,0.3508733,0.34878236,0.9122793487585914,0.039872156136643605,0.9827066593449818,ns,0.0003438181687185208
BGENE_595,-0.01832481,1.6130623,1.6336818,0.9579747336430222,0.018645945184626395,0.9927199312362924,ns,0.0003416833869092725
BGENE_547,-0.0033394655,3.6787584,3.6872835,0.7915306745998637,0.10153225003558794,0.9672472602034995,ns,0.00033906344356345573
BGENE_420,-0.006386761,1.6713765,1.678792,0.885994991250642,0.05256873328039405,0.9754073298172206,ns,0.0003357439401566888
BGENE_450,-0.0044921217,1.0771184,1.0804775,0.8424509920210349,0.07445535397460211,0.9692628863137506,ns,0.0003344625148909747
BGENE_573,-0.011937033,0.8102508,0.81698275,0.9375284432320182,0.028015547545492424,0.9868720455073876,ns,0.00033442252635067297
BGENE_654,-0.00504239,0.51685804,0.5186677,0.8586060652910781,0.06620604794003859,0.967443453849102,ns,0.0003338367118576127
BGENE_464,0.009194071,0.54387003,0.54041505,0.9208287051170984,0.0358211508469368,0.9866021840540339,ns,0.0003293422186829709
BGENE_755,-0.013714035,0.94500357,0.95402944,0.946286757907269,0.023977237271275584,0.9882890422008032,ns,0.0003288246721397567
BGENE_738,-0.022595862,0.82925814,0.84234846,0.967420628819202,0.014384656159028963,0.9930750680778806,ns,0.00032503370443211135
BGENE_406,-0.013493374,2.3109977,2.3327136,0.9465828605704251,0.023841363408142965,0.9877386371169652,ns,0.0003217004328989783
BGENE_1098,-0.0022366473,2.1453073,2.1486359,0.7250921215070619,0.13960681367643465,0.9519809035103657,ns,0.0003122512026699035
CTSS,0.00881738,2.0528772,2.0403688,0.9232554166678427,0.03467813569750503,0.9865596616219158,ns,0.00030577031033890477
FCGR3A,0.019266805,1.12976,1.1147727,0.964531659179052,0.015683512777887782,0.9935090051629721,ns,0.0003021711773914276
BGENE_946,-0.010120824,2.345149,2.3616586,0.9335868649970098,0.02984526718060331,0.9879226084624443,ns,0.0003020586957523856
BGENE_216,0.0018711612,1.7029797,1.7007723,0.6895713033659164,0.16142082005043862,0.9467798215550339,ns,0.00030204436935430247
BGENE_915,-0.006466054,0.42004815,0.421935,0.9043868894915357,0.04364574206169696,0.9812515980016663,ns,0.0002822157203240778
BGENE_873,0.0008445315,2.3741932,2.3728037,0.4707189682940913,0.32723830082347255,0.8895476566187553,ns,0.00027636305892304603
BGENE_591,0.005650931,2.1489468,2.1405458,0.8947178536266972,0.04831389645104921,0.9805127163032298,ns,0.00027301849702013716
BGENE_1003,0.0103399465,2.392009,2.3749266,0.9426025024431652,0.02567141159970649,0.9852987830416361,ns,0.00026544102216247855
BGENE_47,-0.009260396,0.14215732,0.14307274,0.937973817176153,0.02780928445102412,0.9864755307724659,ns,0.0002575249737505544
BGENE_747,0.0016882254,3.3551776,3.3512537,0.7091587998463627,0.149256503639556,0.9497662497942356,ns,0.0002519786246853085
BGENE_727,-0.0042224997,0.43520606,0.43648168,0.8770409196963496,0.05698014348259347,0.9772043673496931,ns,0.00024059863718419496
BGENE_1072,-0.0017006204,3.3981647,3.4021728,0.7250981011698919,0.1396032321675676,0.9509483294031369,ns,0.00023741210450050886
BGENE_361,0.002734854,2.5515537,2.5467215,0.825098450039186,0.08349422871330262,0.9774117868183841,ns,0.00022834451586081496
BGENE_331,0.006531026,2.184343,2.174477,0.930936495890316,0.03107994353537478,0.9877310301223512,ns,0.00020298392597039832
BGENE_553,-0.006593812,1.357927,1.3641475,0.932657069486531,0.030278013495754263,0.9878097823334838,ns,0.00019964752240817548
BGENE_840,0.0024905654,1.9348326,1.9314953,0.8318344480641041,0.0799630985246162,0.9691275123076941,ns,0.00019915332755042971
BGENE_1100,0.0028723446,3.6335003,3.6262734,0.8540188355282408,0.06853255076793807,0.9723174598044486,ns,0.00019684910021025334
BGENE_343,-0.006634327,0.63521826,0.6381461,0.9359571005233165,0.02874405663899795,0.987817520341231,ns,0.0001906974744228541
BGENE_44,-0.0053960592,4.690819,4.7083964,0.9221998803821265,0.03517493844862789,0.9871898808729276,ns,0.00018980605193452866
BGENE_1166,-0.0067860316,1.3665481,1.3729911,0.9393544553779329,0.027170500420119096,0.986198903283919,ns,0.00018437987575696326
BGENE_184,-0.012826128,1.5233208,1.5369241,0.9683394288683946,0.013972384173440952,0.9931686449932253,ns,0.00017921158691627914
BGENE_243,-0.010139615,2.6012483,2.6195948,0.9606546246794657,0.017432722170946404,0.9920701803918751,ns,0.0001767610960087625
BGENE_501,0.014698353,0.7935148,0.78547144,0.972795806423732,0.011978310245433822,0.9934935895391306,ns,0.00017606142831468443
BGENE_179,0.001457848,3.1128309,3.109687,0.7720794715350999,0.11233799464767756,0.9721882117965581,ns,0.00016377172127783238
BGENE_556,0.003020806,1.1035565,1.1012483,0.8869545417126954,0.052098638104284105,0.9746753205634016,ns,0.00015737987884944385
BGENE_1190,0.004617217,1.5271165,1.522237,0.9253160884179886,0.03370988671353486,0.987881944930237,ns,0.00015564586189557338
BGENE_508,0.011224866,0.68914413,0.6838031,0.9688256616558729,0.01375436638859662,0.9919716672244432,ns,0.00015439091843565063
BGENE_62,0.0007291941,2.406148,2.404932,0.6177889383058217,0.20915987213646312,0.9360438459179117,ns,0.00015251814170244522
BGENE_860,0.007903958,2.8819098,2.8661642,0.9582646455682509,0.018514534514653402,0.9913082540361216,ns,0.00014633809836982344
VCAN,0.0020277975,2.2895982,2.2863824,0.850619364800389,0.07026473456553883,0.9712114536255632,ns,0.00014248265398323465
BGENE_838,-0.0012233151,3.2296064,3.232346,0.7649485622515426,0.11636776730570182,0.9693118001075514,ns,0.00014235445103823137
BGENE_106,0.0015006278,2.913424,2.9103951,0.806463444581276,0.09341531355268863,0.9716427043147903,ns,0.0001401816202806838
BGENE_971,-0.029616276,0.49617645,0.50646746,0.9892398121074789,0.004698413711201886,1.0,ns,0.00013914951630405
BGENE_416,0.0029494092,0.9213846,0.9195028,0.9017358319218578,0.04492067259318119,0.9819264957406801,ns,0.000132489444425363
BGENE_187,-0.014060632,2.3388736,2.36178,0.9797897164237405,0.008867123079179001,0.997241441652662,ns,0.0001246773574031434
FPR2,0.0021104026,1.1462578,1.1445822,0.873375203648479,0.05879914247136274,0.9749304598866742,ns,0.00012408986111779317
BGENE_894,-0.0077285827,0.8449895,0.84952825,0.9643311851579396,0.01577378851906161,0.9941558609875666,ns,0.00012190902927881486
BGENE_742,0.0036026621,2.9772646,2.969839,0.9290845407620589,0.03194476618292936,0.9875123551058198,ns,0.00011508619917896105
BGENE_27,-0.0016506875,1.4836628,1.4853613,0.8583188753279454,0.06635133678110441,0.9680288067608406,ns,0.00010952532488359607
BGENE_580,-0.0008205045,1.6659683,1.666916,0.7415693058208397,0.129848254306532,0.9558358399409319,ns,0.00010654107716548979
BGENE_161,0.001816884,1.7164114,1.714251,0.8783446874767026,0.056335021118033624,0.9777491882857543,ns,0.00010235420033712356
BGENE_1044,-0.0035328039,1.2709816,1.2740977,0.9372003781501856,0.02816754484192736,0.987392847919423,ns,9.951041086960701e-05
BGENE_310,-0.0060566817,1.0085034,1.0127462,0.9636985004195153,0.016058816807370882,0.9943578680166968,ns,9.726314253973322e-05
BGENE_675,0.0029327609,3.3061182,3.2994044,0.9267007663016942,0.03306047785461839,0.9884808173884737,ns,9.695847561356912e-05
BGENE_69,-0.00047853508,2.2047386,2.20547,0.6333602509995726,0.19834919595815775,0.9383114829623298,ns,9.49170474973116e-05
BGENE_622,-0.016030665,2.0133162,2.0358121,0.9867019540615802,0.005814011721346324,1.0,ns,9.320247704269654e-05
BGENE_479,-0.034400556,1.4013221,1.4351377,0.9938734252327672,0.0026689216622515564,0.9997050379541665,ns,9.181238973311242e-05
BGENE_833,-0.019388402,1.0255731,1.0394489,0.9895880161277837,0.004545572636300934,0.999583854674529,ns,8.813138905124428e-05
BGENE_5,-0.008401172,0.9191879,0.9245562,0.9782903155371662,0.009532245697100402,0.9965605930769095,ns,8.008203789347468e-05
BGENE_15,-0.0203851,1.7754676,1.8007329,0.9920205870361402,0.0034793149996309833,1.0,ns,7.092618272000257e-05
BGENE_1005,0.0012760627,2.5849614,2.5826762,0.8799797617011405,0.05552731589822768,0.9768507992982133,ns,7.085633581954329e-05
BGENE_1001,-0.0009342542,3.1314802,3.1335087,0.8534958960709229,0.068798562795337,0.9726448958073196,ns,6.427534648337047e-05
BGENE_1185,-0.0006215072,2.661534,2.6626809,0.8157677322911246,0.08843347720605393,0.9759932988527912,ns,5.4962040782070646e-05
BGENE_682,0.0019609886,1.7159511,1.7136202,0.9399311529993514,0.026903955940180448,0.9859417688804385,ns,5.27583514897546e-05
BGENE_108,-0.01910021,1.9869883,2.0134695,0.9941488290113715,0.0025485946972461024,0.9991445517702225,ns,4.8678693152817855e-05
BGENE_795,-0.0016967463,0.5614208,0.56208146,0.9421096552107763,0.025898545316075168,0.9856421850505069,ns,4.394326173573227e-05
BGENE_577,0.0029118215,0.69401425,0.6926149,0.9673133782091543,0.014432805773397625,0.9938151145984462,ns,4.202575377224441e-05
BGENE_557,-0.00035406972,3.213549,3.2143376,0.7825559209902133,0.10648461824194394,0.9721191565095817,ns,3.770297914116532e-05
BGENE_437,0.0013681609,0.83334553,0.8325556,0.941604691262419,0.026131386417482427,0.9859734987041037,ns,3.575194224725057e-05
BGENE_274,-0.011207155,2.2326853,2.2500968,0.992819240969765,0.0031298147425837287,1.0,ns,3.507631879115745e-05
BGENE_1028,0.0031943065,1.006802,1.0045753,0.9762233352476493,0.010450815355831299,0.9961462604567849,ns,3.3383107540904745e-05
BGENE_974,-0.0020539884,1.1356823,1.1373004,0.9663784382464107,0.014852768556417408,0.9945575693788103,ns,3.0507414307676797e-05
BGENE_240,-0.0038280766,0.40317723,0.40424845,0.9820897260309395,0.00784883223343357,0.997889645416704,ns,3.0045931369074998e-05
BGENE_1035,0.018674087,0.5171692,0.51051813,0.9963956911586276,0.001568159206664776,0.9988929234672959,ns,2.928394110910409e-05
BGENE_305,-0.00054898707,1.0511712,1.0515712,0.884676732982879,0.05321539453256601,0.974850394471492,ns,2.9214563379888085e-05
BGENE_689,-0.0040005264,1.2466486,1.2501103,0.9885361995934828,0.005007422459725891,1.0,ns,2.0032325682214003e-05
BGENE_906,-0.0029847487,0.66514623,0.66652375,0.9854139914739993,0.006381275654763898,1.0,ns,1.9046504135739292e-05
BGENE_709,0.0005995789,2.777006,2.775852,0.9343840285723886,0.029474593564467414,0.987895008182261,ns,1.7672344271547227e-05
BGENE_121,-0.00094397756,1.8355455,1.8367469,0.958254046101827,0.018519338318340864,0.9921525930303644,ns,1.748183980564253e-05
BGENE_942,0.0002565753,0.8003827,0.80024034,0.8658139739707084,0.0625754090872024,0.9710063259484579,ns,1.605530403192109e-05
FCN1,0.0016329107,1.4733794,1.4717126,0.9816296579928893,0.008052328736555663,0.998267448806328,ns,1.3148733652995052e-05
BGENE_1129,0.00063292927,0.59526026,0.5949992,0.9540765064215965,0.020416798268125345,0.9912483183601001,ns,1.2922389150702803e-05
BGENE_441,-0.00056103047,0.7959113,0.7962209,0.9540199956025073,0.02044252268707314,0.9920485222903023,ns,1.146887801254438e-05
BGENE_515,-0.0006078287,0.49396902,0.4941772,0.9603937872521016,0.017550658039059516,0.992655077263154,ns,1.0667794117408328e-05
BGENE_1019,-0.043289654,1.3940889,1.436554,0.9994675363546517,0.00023130760990188083,0.9994675363546516,ns,1.0013226390247749e-05
BGENE_986,-0.00011342701,1.112826,1.1129135,0.8313274826559962,0.08022786202359901,0.970421185979762,ns,9.100006770792764e-06
BGENE_1155,0.0048445193,2.4101477,2.4020681,0.9957447407309353,0.0018519787449618405,0.9990749906999352,ns,8.971946791120747e-06
BGENE_116,-0.0021158194,0.3291065,0.32958952,0.9924249930892151,0.0033023070519311486,1.0,ns,6.987085227398859e-06
BGENE_142,-0.002320191,1.0422333,1.0439109,0.9935940654077735,0.002791011137254887,1.0,ns,6.475678619078527e-06
BGENE_402,-0.0012234873,0.9310235,0.93181336,0.9895461967877213,0.0045639260238682115,1.0,ns,5.583905591492444e-06
BGENE_815,0.011142952,0.6344138,0.62953264,0.9989120091506833,0.00047276565123138906,0.999745130092427,ns,5.2680051327387285e-06
BGENE_578,0.0022091446,0.37313458,0.37256366,0.9948730656922012,0.0022323266774578994,0.999035714502629,ns,4.931532524144917e-06
BGENE_903,-0.00343583,1.3582921,1.3615308,0.996804328025147,0.0013900850174113654,0.9984684420953058,ns,4.7760956485245e-06
BGENE_777,-8.969174e-05,2.1240404,2.1241724,0.9885641104724012,0.004995160521736783,1.0,ns,4.4802464311041585e-07
